"direction","intent","slug","competitors","urls","source_slugs"
"Хаб и названия продукта","целевые займы","celevye","zaim.com","https://zaim.com/zaimy-tselivie/","tselivie"
"Хаб и названия продукта","частные займы","chastnye","bankiros.ru|zaim.com|zaym.me","https://bankiros.ru/zaymy/chastnye|https://zaim.com/zaimy-chastnie/|https://zaym.me/zaimi/filter-chastnye|https://zaym.me/zaimi/filter-chastnye/anapa|https://zaym.me/zaimi/filter-chastnye/arxangelsk|https://zaym.me/zaimi/filter-chastnye/arzamas|https://zaym.me/zaimi/filter-chastnye/astrakhan|https://zaym.me/zaimi/filter-chastnye/barnaul","chastnie|chastnye"
"Хаб и названия продукта","деньги в долг","dengi-v-dolg","bankiros.ru|brobank.ru|finuslugi.ru|zaim.com","https://bankiros.ru/zaymy/dengi-v-dolg|https://brobank.ru/zajmy/dengi-v-dolg/|https://finuslugi.ru/mikrozajmy/teg_dengi_v_dolg|https://zaim.com/zaimy-dengi-v-dolg/|https://zaim.com/zaimy-v-moskve-dengi-v-dolg/|https://zaim.com/zaimy-v-novosibirske-dengi-v-dolg/|https://zaim.com/zaimy-v-samare-dengi-v-dolg/","dengi-v-dolg"
"Хаб и названия продукта","займы / микрозаймы / продуктовый хаб","hub","banki.ru|bankiros.ru|brobank.ru|finuslugi.ru|rus.credit|zaym.me","https://www.banki.ru/microloans/|https://bankiros.ru/zaymy|https://brobank.ru/zajmy/|https://finuslugi.ru/mikrozajmy|https://rus.credit/microloans|https://zaym.me/zaimi","hub"
"Хаб и названия продукта","микрокредиты онлайн","microcredit-online","bankiros.ru","https://bankiros.ru/zaymy/microcredit-online","microcredit-online"
"Хаб и названия продукта","микрокредиты","microkredity","zaim.com","https://zaim.com/zaimy-microkredity/","microkredity"
"Хаб и названия продукта","новогодние займы","novogodnie","bankiros.ru","https://bankiros.ru/zaymy/novogodnie","novogodnie"
"Хаб и названия продукта","новые займы","novye","bankiros.ru|brobank.ru|zaim.com|zaym.me","https://bankiros.ru/zaymy/novye|https://brobank.ru/zajmy/novye/|https://zaim.com/zaimy-novie/|https://zaym.me/zaimi/filter-zaim-novye|https://zaym.me/zaimi/filter-zaim-novye/anapa|https://zaym.me/zaimi/filter-zaim-novye/arxangelsk|https://zaym.me/zaimi/filter-zaim-novye/arzamas|https://zaym.me/zaimi/filter-zaim-novye/astrakhan","novie|novye|zaim-novye"
"Хаб и названия продукта","потребительские займы","potrebitelskie","brobank.ru","https://brobank.ru/zajmy/potrebitelskie/","potrebitelskie"
"Каталог, подбор, доверие","карточки компаний/МФО","companies","brobank.ru|rus.credit","https://brobank.ru/zaym-495credit/|https://brobank.ru/zaym-adengi/|https://brobank.ru/zaym-beriberu/|https://brobank.ru/zaym-bistrodengi/|https://brobank.ru/zaym-capitalina/|https://brobank.ru/zaym-carmoney-pts/|https://brobank.ru/zaym-cashmagnit/|https://brobank.ru/zaym-cashpro/","companies"
"Каталог, подбор, доверие","сервисы подбора займов","credit-services","bankiros.ru|rus.credit","https://bankiros.ru/zaymy/credit-services|https://rus.credit/products/creditservices","credit-services"
"Каталог, подбор, доверие","калькулятор займа","kalkulyator","brobank.ru|zaim.com","https://brobank.ru/zajmy/calculator/|https://zaim.com/zaimy-kalkulyator/","calculator|kalkulyator"
"Каталог, подбор, доверие","лучшие займы","luchshie","bankiros.ru|brobank.ru","https://bankiros.ru/zaymy/best|https://brobank.ru/zajmy/luchshie/","best|luchshie"
"Каталог, подбор, доверие","малоизвестные займы","maloizvestnye","bankiros.ru|brobank.ru|zaym.me","https://bankiros.ru/zaymy/maloizvestnye|https://brobank.ru/zajmy/maloizvestnye/|https://zaym.me/zaimi/filter-maloizvestnye|https://zaym.me/zaimi/filter-maloizvestnye/anapa|https://zaym.me/zaimi/filter-maloizvestnye/arxangelsk|https://zaym.me/zaimi/filter-maloizvestnye/arzamas|https://zaym.me/zaimi/filter-maloizvestnye/astrakhan|https://zaym.me/zaimi/filter-maloizvestnye/barnaul","maloizvestnye"
"Каталог, подбор, доверие","малоизвестные МФО","maloizvestnye-mfo","finuslugi.ru|zaim.com","https://finuslugi.ru/mikrozajmy/teg_maloizvestnye_mfo|https://zaim.com/maloizvestnye-mfo/","maloizvestnye-mfo"
"Каталог, подбор, доверие","МКК","mkk","bankiros.ru","https://bankiros.ru/zaymy/mkk","mkk"
"Каталог, подбор, доверие","надежные займы","nadezhnye","bankiros.ru|brobank.ru","https://bankiros.ru/zaymy/nadezhnye|https://brobank.ru/zajmy/nadezhnye/","nadezhnye"
"Каталог, подбор, доверие","онлайн-заявка","online-zayavka","finuslugi.ru","https://finuslugi.ru/mikrozajmy/teg_online_zayavka","online-zayavka"
"Каталог, подбор, доверие","отзывы","otzyvy","brobank.ru","https://brobank.ru/zajmy/comments/","comments"
"Каталог, подбор, доверие","подбор займа онлайн","podbor-zayma-online","bankiros.ru","https://bankiros.ru/podbor-zayma-online","podbor-zayma-online"
"Каталог, подбор, доверие","промо микрозаймов","promo-microloans","rus.credit","https://rus.credit/promo/microloans","promo-microloans"
"Каталог, подбор, доверие","проверенные займы","proverennye","bankiros.ru|brobank.ru|zaim.com|zaym.me","https://bankiros.ru/zaymy/proverennye|https://brobank.ru/zajmy/proverennye/|https://zaim.com/zaimy-proverennie/|https://zaym.me/zaimi/filter-proverennye|https://zaym.me/zaimi/filter-proverennye/anapa|https://zaym.me/zaimi/filter-proverennye/arxangelsk|https://zaym.me/zaimi/filter-proverennye/arzamas|https://zaym.me/zaimi/filter-proverennye/astrakhan","proverennie|proverennye"
"Каталог, подбор, доверие","список МФО","spisok-mfo","brobank.ru","https://brobank.ru/zajmy/mfo/|https://brobank.ru/zajmy/mfo/novye/","mfo"
"Каталог, подбор, доверие","топ займов","top-zaimov","finuslugi.ru","https://finuslugi.ru/mikrozajmy/teg_top_zaimov","top-zaimov"
"Каталог, подбор, доверие","заявка во все МФО","zayavka-vse-mfo","brobank.ru","https://brobank.ru/zajmy/zayavka-vse-mfo/","zayavka-vse-mfo"
"Способ получения","займы через приложение","cherez-prilozhenie","bankiros.ru","https://bankiros.ru/zaymy/cherez-prilozhenie","cherez-prilozhenie"
"Способ получения","займы через Telegram","cherez-telegram","bankiros.ru|zaim.com","https://bankiros.ru/zaymy/telegram|https://zaim.com/zaimy-cherez-telegram/","cherez-telegram|telegram"
"Способ получения","займы через Contact","contact","brobank.ru|zaym.me","https://brobank.ru/zajmy/contact/|https://zaym.me/zaimi/filter-zaim-na-contact|https://zaym.me/zaimi/filter-zaim-na-contact/anapa|https://zaym.me/zaimi/filter-zaim-na-contact/arxangelsk|https://zaym.me/zaimi/filter-zaim-na-contact/arzamas|https://zaym.me/zaimi/filter-zaim-na-contact/astrakhan|https://zaym.me/zaimi/filter-zaim-na-contact/barnaul|https://zaym.me/zaimi/filter-zaim-na-contact/belgorod|https://zaym.me/zaimi/filter-zaim-na-contact/bryansk","contact|zaim-na-contact"
"Способ получения","займы денежным переводом","denezhnym-perevodom","bankiros.ru|brobank.ru|finuslugi.ru|zaim.com","https://bankiros.ru/zaymy/denezhnym-perevodom|https://brobank.ru/zajmy/perevodom/|https://finuslugi.ru/mikrozajmy/teg_perevodom|https://zaim.com/zaimy-denezhnim-perevodom/","denezhnim-perevodom|denezhnym-perevodom|perevodom"
"Способ получения","займы на банковский счет","na-bankovskij-schet","bankiros.ru|brobank.ru|zaim.com|zaym.me","https://bankiros.ru/zaymy/na-bankovskij-schet|https://brobank.ru/zajmy/na-bankovskij-schet/|https://zaim.com/zaimy-na-schet/|https://zaym.me/zaimi/filter-zaim-na-bankovskiy-schet|https://zaym.me/zaimi/filter-zaim-na-bankovskiy-schet/anapa|https://zaym.me/zaimi/filter-zaim-na-bankovskiy-schet/arxangelsk|https://zaym.me/zaimi/filter-zaim-na-bankovskiy-schet/arzamas|https://zaym.me/zaimi/filter-zaim-na-bankovskiy-schet/astrakhan|https://zaym.me/zaimi/filter-zaim-na-bankovskiy-schet/barnaul|https://zaym.me/zaimi/filter-zaim-na-bankovskiy-schet/belgorod|https://zaym.me/zaimi/filter-zaim-na-bankovskiy-schet/bryansk","na-bankovskij-schet|na-schet|zaim-na-bankovskiy-schet"
"Способ получения","займы на дом","na-dom","brobank.ru|zaim.com","https://brobank.ru/zajmy/na-dom/|https://zaim.com/zaimy-na-dom/","na-dom"
"Способ получения","займы на электронный кошелек","na-elektronnyj-koshelek","bankiros.ru|brobank.ru|zaym.me","https://bankiros.ru/zaymy/na-koshelek|https://brobank.ru/zajmy/na-elektronnyj-koshelek/|https://zaym.me/zaimi/filter-na-elektronnyy-koshelek|https://zaym.me/zaimi/filter-na-elektronnyy-koshelek/anapa|https://zaym.me/zaimi/filter-na-elektronnyy-koshelek/arxangelsk|https://zaym.me/zaimi/filter-na-elektronnyy-koshelek/arzamas|https://zaym.me/zaimi/filter-na-elektronnyy-koshelek/astrakhan|https://zaym.me/zaimi/filter-na-elektronnyy-koshelek/barnaul","na-elektronnyj-koshelek|na-elektronnyy-koshelek|na-koshelek"
"Способ получения","займы на карту","na-kartu","bankiros.ru|brobank.ru|zaim.com|zaym.me","https://bankiros.ru/zaymy/na-kartu|https://brobank.ru/zajmy/na-kartu/|https://zaim.com/zaimy-na-kartu/|https://zaim.com/zaimy-v-moskve-na-kartu/|https://zaim.com/zaimy-v-novosibirske-na-kartu/|https://zaym.me/zaimi/filter-zaim-na-kartu|https://zaym.me/zaimi/filter-zaim-na-kartu/anapa|https://zaym.me/zaimi/filter-zaim-na-kartu/arxangelsk","na-kartu|zaim-na-kartu"
"Способ получения","займы онлайн на карту","na-kartu-online","bankiros.ru|finuslugi.ru|zaim.com|zaym.me","https://bankiros.ru/zaymy/online-na-kartu|https://finuslugi.ru/mikrozajmy/teg_onlajn_na_kartu|https://zaim.com/zaimy-na-kartu-online/|https://zaym.me/zaimi/filter-online-na-kartu|https://zaym.me/zaimi/filter-online-na-kartu/anapa|https://zaym.me/zaimi/filter-online-na-kartu/arxangelsk|https://zaym.me/zaimi/filter-online-na-kartu/arzamas|https://zaym.me/zaimi/filter-online-na-kartu/astrakhan","na-kartu-online|onlajn-na-kartu|online-na-kartu"
"Способ получения","займы на номер телефона","na-nomer-telefona","bankiros.ru|brobank.ru|zaim.com","https://bankiros.ru/zaymy/na-nomer-telefona|https://brobank.ru/zajmy/na-nomer-telefona/|https://zaim.com/zaimy-na-mobilniy-telefon/","na-mobilniy-telefon|na-nomer-telefona"
"Способ получения","займы наличными","nalichnymi","bankiros.ru|brobank.ru|finuslugi.ru|zaim.com|zaym.me","https://bankiros.ru/zaymy/nalichnymi|https://brobank.ru/zajmy/nalichnymi/|https://finuslugi.ru/mikrozajmy/teg_nalichnymi|https://zaim.com/zaimy-nalichnimy/|https://zaim.com/zaimy-v-moskve-nalichnymi/|https://zaym.me/zaimi/filter-cash|https://zaym.me/zaimi/filter-cash-to-hands|https://zaym.me/zaimi/filter-cash-to-hands/anapa","cash|cash-to-hands|nalichnimy|nalichnymi"
"Способ получения","займы не выходя из дома","ne-vyhodya-iz-doma","bankiros.ru|brobank.ru|zaim.com","https://bankiros.ru/zaymy/ne-vyhodya-iz-doma|https://brobank.ru/zajmy/ne-vyhodya-iz-doma/|https://zaim.com/zaimy-ne-vihodya-iz-doma/","ne-vyhodya-iz-doma|ne-vihodya-iz-doma"
"Способ получения","займы онлайн","online","bankiros.ru|brobank.ru|zaim.com|zaym.me","https://bankiros.ru/zaymy/online|https://brobank.ru/zajmy/online/|https://zaim.com/zaimy-online/|https://zaym.me/zaimi/filter-online|https://zaym.me/zaimi/filter-online/abakan|https://zaym.me/zaimi/filter-online/aban|https://zaym.me/zaimi/filter-online/abatskiy|https://zaym.me/zaimi/filter-online/abaza","online"
"Способ получения","займы по СБП","po-sbp","brobank.ru","https://brobank.ru/zajmy/po-sbp/","po-sbp"
"Способ получения","займы по телефону","po-telefonu","bankiros.ru|brobank.ru|finuslugi.ru|zaym.me","https://bankiros.ru/zaymy/po-telefonu|https://brobank.ru/zajmy/po-telefonu/|https://finuslugi.ru/mikrozajmy/teg_po_telefonu|https://zaym.me/zaimi/filter-po-telefonu|https://zaym.me/zaimi/filter-po-telefonu/anapa|https://zaym.me/zaimi/filter-po-telefonu/arxangelsk|https://zaym.me/zaimi/filter-po-telefonu/arzamas|https://zaym.me/zaimi/filter-po-telefonu/astrakhan","po-telefonu"
"Способ получения","займы на QIWI","qiwi","brobank.ru|finuslugi.ru|zaim.com|zaym.me","https://brobank.ru/zajmy/qiwi/|https://finuslugi.ru/mikrozajmy/teg_na_qiwi_koshelek|https://zaim.com/zaimy-na-qiwi-koshelek/|https://zaym.me/zaimi/filter-zaim-na-kivi|https://zaym.me/zaimi/filter-zaim-na-kivi/anapa|https://zaym.me/zaimi/filter-zaim-na-kivi/arxangelsk|https://zaym.me/zaimi/filter-zaim-na-kivi/arzamas|https://zaym.me/zaimi/filter-zaim-na-kivi/astrakhan","na-qiwi-koshelek|qiwi|zaim-na-kivi"
"Способ получения","займы по SMS","sms","bankiros.ru|brobank.ru|zaim.com","https://bankiros.ru/zaymy/po-sms|https://brobank.ru/zajmy/sms/|https://zaim.com/zaimy-po-sms/","po-sms|sms"
"Способ получения","займы через Tinkoff ID","tinkoff-id","brobank.ru","https://brobank.ru/zajmy/tinkoff-id/","tinkoff-id"
"Способ получения","займы на WebMoney","webmoney","brobank.ru","https://brobank.ru/zajmy/webmoney/","webmoney"
"Способ получения","займы на ЮMoney/Яндекс.Деньги","yoomoney","bankiros.ru|brobank.ru|finuslugi.ru|zaim.com|zaym.me","https://bankiros.ru/zaymy/na-yandex-dengi|https://brobank.ru/zajmy/na-yandex-dengi/|https://brobank.ru/zajmy/yoomoney/|https://finuslugi.ru/mikrozajmy/teg_na_yoomoney|https://zaim.com/zaimy-na-koshelek-umoney/|https://zaym.me/zaimi/filter-zaim-na-yandex-dengi|https://zaym.me/zaimi/filter-zaim-na-yandex-dengi/anapa|https://zaym.me/zaimi/filter-zaim-na-yandex-dengi/arxangelsk","na-koshelek-umoney|na-yandex-dengi|na-yoomoney|yoomoney|zaim-na-yandex-dengi"
"Способ получения","займы через Золотую Корону","zolotaya-korona","bankiros.ru|brobank.ru|zaim.com|zaym.me","https://bankiros.ru/zaymy/cherez-zolotuyu-koronu|https://brobank.ru/zajmy/zolotaya-korona/|https://zaim.com/zaimy-zalotaya-korona/|https://zaym.me/zaimi/filter-korona|https://zaym.me/zaimi/filter-korona/anapa|https://zaym.me/zaimi/filter-korona/arxangelsk|https://zaym.me/zaimi/filter-korona/arzamas|https://zaym.me/zaimi/filter-korona/astrakhan","cherez-zolotuyu-koronu|korona|zalotaya-korona|zolotaya-korona"
"Карты и банки","займы без карты","bez-karty","bankiros.ru|brobank.ru|finuslugi.ru|zaim.com","https://bankiros.ru/zaymy/bez-karty|https://brobank.ru/zajmy/bez-karty/|https://finuslugi.ru/mikrozajmy/teg_bez_karty|https://zaim.com/zaimy-bez-karty/|https://zaim.com/zaimy-v-moskve-bez-karty/","bez-karty"
"Карты и банки","займы на чужую карту","na-chuzhuyu-kartu","bankiros.ru|brobank.ru|zaim.com","https://bankiros.ru/zaymy/na-chuzhuyu-kartu|https://brobank.ru/zajmy/na-chuzhuyu-kartu/|https://zaim.com/zaimy-na-chuzuy-karu/|https://zaim.com/zaymy-na-chuzhuy-kartu/","na-chuzhuy-kartu|na-chuzhuyu-kartu|na-chuzuy-karu"
"Карты и банки","займы на дебетовую карту","na-debetovuyu-kartu","zaym.me","https://zaym.me/zaimi/filter-zaim-na-debetovuy-kartu|https://zaym.me/zaimi/filter-zaim-na-debetovuy-kartu/anapa|https://zaym.me/zaimi/filter-zaim-na-debetovuy-kartu/arxangelsk|https://zaym.me/zaimi/filter-zaim-na-debetovuy-kartu/arzamas|https://zaym.me/zaimi/filter-zaim-na-debetovuy-kartu/astrakhan|https://zaym.me/zaimi/filter-zaim-na-debetovuy-kartu/barnaul|https://zaym.me/zaimi/filter-zaim-na-debetovuy-kartu/belgorod|https://zaym.me/zaimi/filter-zaim-na-debetovuy-kartu/bryansk","zaim-na-debetovuy-kartu"
"Карты и банки","займы на карту со 100% одобрением","na-kartu-100-procentov-odobreniya","brobank.ru|zaim.com","https://brobank.ru/zajmy/na-kartu-100-procentov-odobreniya/|https://zaim.com/zaymy-na-kartu-100-procentov-odobrenia/","na-kartu-100-procentov-odobrenia|na-kartu-100-procentov-odobreniya"
"Карты и банки","займы 50000 рублей на карту","na-kartu-50000","finuslugi.ru","https://finuslugi.ru/mikrozajmy/teg_na_kartu_50000","na-kartu-50000"
"Карты и банки","займы на карту Альфа-Банка","na-kartu-alfa-banka","brobank.ru","https://brobank.ru/zajmy/na-kartu-alfa-banka/","na-kartu-alfa-banka"
"Карты и банки","займы на карту без отказа","na-kartu-bez-otkaza","bankiros.ru|brobank.ru|zaim.com|zaym.me","https://bankiros.ru/zaymy/na-kartu-bez-otkaza|https://brobank.ru/zajmy/na-kartu-bez-otkaza/|https://zaim.com/zaimy-na-karty-bez-otkaza/|https://zaim.com/zaymy-na-kartu-bez-otkaza/|https://zaym.me/zaimi/filter-na-kartu-bez-otkazov|https://zaym.me/zaimi/filter-na-kartu-bez-otkazov/anapa|https://zaym.me/zaimi/filter-na-kartu-bez-otkazov/arxangelsk|https://zaym.me/zaimi/filter-na-kartu-bez-otkazov/arzamas","na-kartu-bez-otkaza|na-kartu-bez-otkazov|na-karty-bez-otkaza"
"Карты и банки","займы на карту без платных подписок","na-kartu-bez-platnih-podpisok","zaim.com","https://zaim.com/zaymy-na-kartu-bez-platnih-podpisok/","na-kartu-bez-platnih-podpisok"
"Карты и банки","займы на карту без процентов","na-kartu-bez-procentov","bankiros.ru|brobank.ru|zaim.com|zaym.me","https://bankiros.ru/zaymy/na-kartu-bez-procentov|https://brobank.ru/zajmy/na-kartu-bez-procentov/|https://zaim.com/zaymy-na-kartu-bez-procentov/|https://zaym.me/zaimi/filter-na-kartu-bez-procentov|https://zaym.me/zaimi/filter-na-kartu-bez-procentov/anapa|https://zaym.me/zaimi/filter-na-kartu-bez-procentov/arxangelsk|https://zaym.me/zaimi/filter-na-kartu-bez-procentov/arzamas|https://zaym.me/zaimi/filter-na-kartu-bez-procentov/astrakhan","na-kartu-bez-procentov|nakartu-0"
"Карты и банки","займы на карту без проверки","na-kartu-bez-proverki","zaim.com","https://zaim.com/zaymy-na-kartu-bez-proverki/","na-kartu-bez-proverki"
"Карты и банки","займы на карту без проверок","na-kartu-bez-proverok","finuslugi.ru","https://finuslugi.ru/mikrozajmy/teg_na_kartu_bez_proverok","na-kartu-bez-proverok"
"Карты и банки","займы на карту безработным","na-kartu-bezrabotnym","brobank.ru","https://brobank.ru/zajmy/na-kartu-bezrabotnym/","na-kartu-bezrabotnym"
"Карты и банки","займы на карту быстро","na-kartu-bystro","bankiros.ru|zaym.me","https://bankiros.ru/zaymy/na-kartu-bystro|https://zaym.me/zaimi/filter-na-kartu-bystro|https://zaym.me/zaimi/filter-na-kartu-bystro/anapa|https://zaym.me/zaimi/filter-na-kartu-bystro/arxangelsk|https://zaym.me/zaimi/filter-na-kartu-bystro/arzamas|https://zaym.me/zaimi/filter-na-kartu-bystro/astrakhan|https://zaym.me/zaimi/filter-na-kartu-bystro/barnaul|https://zaym.me/zaimi/filter-na-kartu-bystro/belgorod","na-kartu-bystro"
"Карты и банки","долгосрочные займы на карту","na-kartu-dolgosrochniy","finuslugi.ru","https://finuslugi.ru/mikrozajmy/teg_na_kartu_dolgosrochniy","na-kartu-dolgosrochniy"
"Карты и банки","займы на карту другого человека","na-kartu-drugogo-cheloveka","finuslugi.ru","https://finuslugi.ru/mikrozajmy/teg_na_kartu_drugogo_cheloveka","na-kartu-drugogo-cheloveka"
"Карты и банки","экспресс-займы на карту","na-kartu-ekspress","bankiros.ru|zaym.me","https://bankiros.ru/zaymy/na-kartu-ekspress|https://zaym.me/zaimi/filter-na-kartu-ekspress|https://zaym.me/zaimi/filter-na-kartu-ekspress/anapa|https://zaym.me/zaimi/filter-na-kartu-ekspress/arxangelsk|https://zaym.me/zaimi/filter-na-kartu-ekspress/arzamas|https://zaym.me/zaimi/filter-na-kartu-ekspress/astrakhan|https://zaym.me/zaimi/filter-na-kartu-ekspress/barnaul|https://zaym.me/zaimi/filter-na-kartu-ekspress/belgorod","na-kartu-ekspress"
"Карты и банки","займы на карту круглосуточно","na-kartu-kruglosutochno","bankiros.ru|zaim.com|zaym.me","https://bankiros.ru/zaymy/na-kartu-kruglosutochno|https://zaim.com/zaymy-na-kartu-kruglosutochno/|https://zaym.me/zaimi/filter-na-kartu-kruglosutochno|https://zaym.me/zaimi/filter-na-kartu-kruglosutochno/anapa|https://zaym.me/zaimi/filter-na-kartu-kruglosutochno/arxangelsk|https://zaym.me/zaimi/filter-na-kartu-kruglosutochno/arzamas|https://zaym.me/zaimi/filter-na-kartu-kruglosutochno/astrakhan|https://zaym.me/zaimi/filter-na-kartu-kruglosutochno/barnaul","na-kartu-kruglosutochno"
"Карты и банки","займы на карту Кукуруза","na-kartu-kukuruza","brobank.ru|zaim.com","https://brobank.ru/zajmy/na-kartu-kukuruza/|https://zaim.com/zaimy-na-kartu-kukuruza/","na-kartu-kukuruza"
"Карты и банки","займы на карту Maestro","na-kartu-maestro","bankiros.ru|brobank.ru|zaim.com","https://bankiros.ru/zaymy/na-kartu-maestro|https://brobank.ru/zajmy/na-kartu-maestro/|https://zaim.com/zaimy-na-kartu-maestro/","na-kartu-maestro"
"Карты и банки","займы на карту Mastercard","na-kartu-mastercard","zaym.me","https://zaym.me/zaimi/filter-zaim-na-kartu-mastercard|https://zaym.me/zaimi/filter-zaim-na-kartu-mastercard/anapa|https://zaym.me/zaimi/filter-zaim-na-kartu-mastercard/arxangelsk|https://zaym.me/zaimi/filter-zaim-na-kartu-mastercard/arzamas|https://zaym.me/zaimi/filter-zaim-na-kartu-mastercard/astrakhan|https://zaym.me/zaimi/filter-zaim-na-kartu-mastercard/barnaul|https://zaym.me/zaimi/filter-zaim-na-kartu-mastercard/belgorod|https://zaym.me/zaimi/filter-zaim-na-kartu-mastercard/bryansk","zaim-na-kartu-mastercard"
"Карты и банки","займы на карту мгновенно","na-kartu-mgnovenno","bankiros.ru|finuslugi.ru|zaim.com|zaym.me","https://bankiros.ru/zaymy/na-kartu-mgnovenno|https://finuslugi.ru/mikrozajmy/teg_na_kartu_mgnovenno|https://zaim.com/zaymy-na-kartu-mgnovenno/|https://zaym.me/zaimi/filter-na-kartu-mgnovenno|https://zaym.me/zaimi/filter-na-kartu-mgnovenno/anapa|https://zaym.me/zaimi/filter-na-kartu-mgnovenno/arxangelsk|https://zaym.me/zaimi/filter-na-kartu-mgnovenno/arzamas|https://zaym.me/zaimi/filter-na-kartu-mgnovenno/astrakhan","na-kartu-mgnovenno"
"Карты и банки","займы на карту Мир","na-kartu-mir","bankiros.ru|brobank.ru|finuslugi.ru|zaim.com|zaym.me","https://bankiros.ru/zaymy/na-kartu-mir|https://brobank.ru/zajmy/na-kartu-mir/|https://finuslugi.ru/mikrozajmy/teg_na_kartu_mir|https://zaim.com/zaimy-na-kartu-mir/|https://zaym.me/zaimi/filter-zaim-na-kartu-mir|https://zaym.me/zaimi/filter-zaim-na-kartu-mir/anapa|https://zaym.me/zaimi/filter-zaim-na-kartu-mir/arxangelsk|https://zaym.me/zaimi/filter-zaim-na-kartu-mir/arzamas","na-kartu-mir|zaim-na-kartu-mir"
"Карты и банки","займы на карту Momentum","na-kartu-momentum","bankiros.ru|zaim.com","https://bankiros.ru/zaymy/na-kartu-momentum|https://zaim.com/zaimy-na-kartu-momentum/","na-kartu-momentum"
"Карты и банки","займы на карту на 6 месяцев","na-kartu-na-6-mesyatsev","finuslugi.ru","https://finuslugi.ru/mikrozajmy/teg_na_kartu_na_6_mesyatsev","na-kartu-na-6-mesyatsev"
"Карты и банки","займы на карту Ozon Банка","na-kartu-ozon-banka","brobank.ru","https://brobank.ru/zajmy/na-kartu-ozon-banka/","na-kartu-ozon-banka"
"Карты и банки","займы на карту по всей России","na-kartu-po-vsey-rossii","banki.ru","https://www.banki.ru/microloans/catalogue/zaymyi_na_kartu_po_vsey_rossii/","zaymyi-na-kartu-po-vsey-rossii"
"Карты и банки","займы на карту с 18 лет","na-kartu-s-18-let","zaim.com","https://zaim.com/zaymy-na-kartu-s-18-let/","na-kartu-s-18-let"
"Карты и банки","займы онлайн на карту с 18 лет","na-kartu-s-18-let-online","zaym.me","https://zaym.me/zaimi/filter-na-kartu-s-18-let-online|https://zaym.me/zaimi/filter-na-kartu-s-18-let-online/anapa|https://zaym.me/zaimi/filter-na-kartu-s-18-let-online/arxangelsk|https://zaym.me/zaimi/filter-na-kartu-s-18-let-online/arzamas|https://zaym.me/zaimi/filter-na-kartu-s-18-let-online/astrakhan|https://zaym.me/zaimi/filter-na-kartu-s-18-let-online/barnaul|https://zaym.me/zaimi/filter-na-kartu-s-18-let-online/belgorod|https://zaym.me/zaimi/filter-na-kartu-s-18-let-online/bryansk","na-kartu-s-18-let-online"
"Карты и банки","займы на карту с нулевым балансом","na-kartu-s-nulevym-balansom","brobank.ru|zaim.com|zaym.me","https://brobank.ru/zajmy/na-kartu-s-nulevym-balansom/|https://zaim.com/zaimy-na-kartu-s-nulevim-balansom/|https://zaym.me/zaimi/filter-na-kartu-s-nulevym-balansom|https://zaym.me/zaimi/filter-na-kartu-s-nulevym-balansom/anapa|https://zaym.me/zaimi/filter-na-kartu-s-nulevym-balansom/arxangelsk|https://zaym.me/zaimi/filter-na-kartu-s-nulevym-balansom/arzamas|https://zaym.me/zaimi/filter-na-kartu-s-nulevym-balansom/astrakhan|https://zaym.me/zaimi/filter-na-kartu-s-nulevym-balansom/barnaul","na-kartu-s-nulevim-balansom|na-kartu-s-nulevym-balansom"
"Карты и банки","займы на карту с плохой КИ","na-kartu-s-plohoy-kreditnoy-istoriey","bankiros.ru|zaim.com|zaym.me","https://bankiros.ru/zaymy/na-kartu-s-plohoi-ki|https://zaim.com/zaimy-na-kartu-s-plohoy-kreditnoy-istoriey/|https://zaym.me/zaimi/filter-na-kartu-s-plohoi-ki|https://zaym.me/zaimi/filter-na-kartu-s-plohoi-ki/anapa|https://zaym.me/zaimi/filter-na-kartu-s-plohoi-ki/arxangelsk|https://zaym.me/zaimi/filter-na-kartu-s-plohoi-ki/arzamas|https://zaym.me/zaimi/filter-na-kartu-s-plohoi-ki/astrakhan|https://zaym.me/zaimi/filter-na-kartu-s-plohoi-ki/barnaul","na-kartu-s-plohoi-ki|na-kartu-s-plohoy-kreditnoy-istoriey"
"Карты и банки","займы на карту с просрочками","na-kartu-s-prosrochkami","zaim.com","https://zaim.com/zaymy-na-kartu-s-prosrochkami/","na-kartu-s-prosrochkami"
"Карты и банки","займы на карту Сбербанка","na-kartu-sberbanka","bankiros.ru|brobank.ru|finuslugi.ru|zaim.com|zaym.me","https://bankiros.ru/zaymy/na-kartu-sberbanka|https://brobank.ru/zajmy/na-kartu-sberbanka/|https://finuslugi.ru/mikrozajmy/teg_na_sberbank|https://zaim.com/zaimy-na-kartu-sberbanka/|https://zaym.me/zaimi/filter-zaim-na-kartu-sbera|https://zaym.me/zaimi/filter-zaim-na-kartu-sbera/anapa|https://zaym.me/zaimi/filter-zaim-na-kartu-sbera/arxangelsk|https://zaym.me/zaimi/filter-zaim-na-kartu-sbera/arzamas","na-kartu-sberbanka|na-sberbank|zaim-na-kartu-sbera"
"Карты и банки","займы на карту Сбербанка до зарплаты","na-kartu-sberbanka-do-zarplaty","bankiros.ru","https://bankiros.ru/zaymy/na-kartu-sberbanka-do-zarplaty","na-kartu-sberbanka-do-zarplaty"
"Карты и банки","займы на карту Т-Банка/Тинькофф","na-kartu-tbank","bankiros.ru|brobank.ru|finuslugi.ru|zaim.com|zaym.me","https://bankiros.ru/zaymy/na-kartu-tinkoff|https://brobank.ru/zajmy/na-kartu-tinkoff/|https://finuslugi.ru/mikrozajmy/teg_na_kartu_tbank|https://zaim.com/zaimy-na-kartu-tbanka/|https://zaym.me/zaimi/filter-zaim-na-kartu-tbank|https://zaym.me/zaimi/filter-zaim-na-kartu-tbank/anapa|https://zaym.me/zaimi/filter-zaim-na-kartu-tbank/arxangelsk|https://zaym.me/zaimi/filter-zaim-na-kartu-tbank/arzamas","na-kartu-tbank|na-kartu-tbanka|na-kartu-tinkoff|zaim-na-kartu-tbank"
"Карты и банки","займы на карту Visa","na-kartu-visa","bankiros.ru|zaim.com|zaym.me","https://bankiros.ru/zaymy/na-kartu-visa|https://zaim.com/zaimy-na-kartu-visa/|https://zaym.me/zaimi/filter-zaim-na-kartu-visa|https://zaym.me/zaimi/filter-zaim-na-kartu-visa/anapa|https://zaym.me/zaimi/filter-zaim-na-kartu-visa/arxangelsk|https://zaym.me/zaimi/filter-zaim-na-kartu-visa/arzamas|https://zaym.me/zaimi/filter-zaim-na-kartu-visa/astrakhan|https://zaym.me/zaimi/filter-zaim-na-kartu-visa/barnaul","na-kartu-visa|zaim-na-kartu-visa"
"Карты и банки","займы на карту ВТБ","na-kartu-vtb","bankiros.ru|brobank.ru|zaim.com|zaym.me","https://bankiros.ru/zaymy/na-kartu-vtb|https://brobank.ru/zajmy/na-kartu-vtb/|https://zaim.com/zaimy-na-kartu-vtb/|https://zaym.me/zaimi/filter-zaim-na-kartu-vtb|https://zaym.me/zaimi/filter-zaim-na-kartu-vtb/anapa|https://zaym.me/zaimi/filter-zaim-na-kartu-vtb/arxangelsk|https://zaym.me/zaimi/filter-zaim-na-kartu-vtb/arzamas|https://zaym.me/zaimi/filter-zaim-na-kartu-vtb/astrakhan","na-kartu-vtb|zaim-na-kartu-vtb"
"Карты и банки","займы на кредитную карту","na-kreditnuyu-kartu","bankiros.ru|finuslugi.ru|zaim.com|zaym.me","https://bankiros.ru/zaymy/na-kreditnuyu-kartu|https://finuslugi.ru/mikrozajmy/teg_na_kreditnuyu_kartu|https://zaim.com/zaimy-na-kreditnui-kartu/|https://zaym.me/zaimi/filter-zaim-na-kreditnuju-kartu|https://zaym.me/zaimi/filter-zaim-na-kreditnuju-kartu/anapa|https://zaym.me/zaimi/filter-zaim-na-kreditnuju-kartu/arxangelsk|https://zaym.me/zaimi/filter-zaim-na-kreditnuju-kartu/arzamas|https://zaym.me/zaimi/filter-zaim-na-kreditnuju-kartu/astrakhan","na-kreditnui-kartu|na-kreditnuyu-kartu|zaim-na-kreditnuju-kartu"
"Карты и банки","займы на неименную карту","na-neimennuyu-kartu","bankiros.ru|brobank.ru|zaim.com|zaym.me","https://bankiros.ru/zaymy/na-neimennuyu-kartu|https://brobank.ru/zajmy/na-neimennuyu-kartu/|https://zaim.com/zaimy-na-neimennuy-kartu/|https://zaym.me/zaimi/filter-zaim-na-neimennuyu-kartu|https://zaym.me/zaimi/filter-zaim-na-neimennuyu-kartu/anapa|https://zaym.me/zaimi/filter-zaim-na-neimennuyu-kartu/arxangelsk|https://zaym.me/zaimi/filter-zaim-na-neimennuyu-kartu/arzamas|https://zaym.me/zaimi/filter-zaim-na-neimennuyu-kartu/astrakhan","na-neimennuy-kartu|na-neimennuyu-kartu|zaim-na-neimennuyu-kartu"
"Карты и банки","займы на сберкнижку","na-sberknizhku","bankiros.ru|zaim.com","https://bankiros.ru/zaymy/na-sberknizhku|https://zaim.com/zaimy-na-sberknizhku/","na-sberknizhku"
"Карты и банки","займы на виртуальную карту","na-virtualnuyu-kartu","bankiros.ru|brobank.ru|finuslugi.ru|zaim.com|zaym.me","https://bankiros.ru/zaymy/na-virtualnuyu-kartu|https://brobank.ru/zajmy/na-virtualnuyu-kartu/|https://finuslugi.ru/mikrozajmy/teg_na_virtualnuy_kartu|https://zaim.com/zaimy-na-virtualnyu-kartu/|https://zaim.com/zaymy-na-virtualnuy-kartu/|https://zaym.me/zaimi/filter-zaim-na-virtualnuyu-kartu|https://zaym.me/zaimi/filter-zaim-na-virtualnuyu-kartu/anapa|https://zaym.me/zaimi/filter-zaim-na-virtualnuyu-kartu/arxangelsk","na-virtualnuy-kartu|na-virtualnuyu-kartu|na-virtualnyu-kartu|zaim-na-virtualnuyu-kartu"
"Цена и условия","займы со 100% одобрением","100-procentov-odobreniya","bankiros.ru|brobank.ru|zaim.com|zaym.me","https://bankiros.ru/zaymy/100-procentov-odobreniya|https://brobank.ru/zajmy/100-procentov-odobrenie/|https://zaim.com/zaimy-100-procentov-odobrenia/|https://zaym.me/zaimi/filter-zaim-100-procentov-odobreniya|https://zaym.me/zaimi/filter-zaim-100-procentov-odobreniya/anapa|https://zaym.me/zaimi/filter-zaim-100-procentov-odobreniya/arxangelsk|https://zaym.me/zaimi/filter-zaim-100-procentov-odobreniya/arzamas|https://zaym.me/zaimi/filter-zaim-100-procentov-odobreniya/astrakhan","100-procentov-odobrenia|100-procentov-odobrenie|100-procentov-odobreniya|zaim-100-procentov-odobreniya"
"Цена и условия","займы на 30 дней без процентов","30-dnej-bez-procentov","bankiros.ru|zaim.com|zaym.me","https://bankiros.ru/zaymy/30-dnej-bez-procentov|https://zaim.com/zaimy-na-30-dney-bez-procentov/|https://zaym.me/zaimi/filter-bez-protsentov-na-30-dnej|https://zaym.me/zaimi/filter-bez-protsentov-na-30-dnej/anapa|https://zaym.me/zaimi/filter-bez-protsentov-na-30-dnej/arxangelsk|https://zaym.me/zaimi/filter-bez-protsentov-na-30-dnej/arzamas|https://zaym.me/zaimi/filter-bez-protsentov-na-30-dnej/astrakhan|https://zaym.me/zaimi/filter-bez-protsentov-na-30-dnej/barnaul","30-dnej-bez-procentov|bez-protsentov-na-30-dnej|na-30-dney-bez-procentov"
"Цена и условия","бесплатные займы","besplatnye","bankiros.ru","https://bankiros.ru/zaymy/besplatnye","besplatnye"
"Цена и условия","займы без комиссии","bez-komissii","bankiros.ru|brobank.ru|zaim.com","https://bankiros.ru/zaymy/bez-komissii|https://brobank.ru/zajmy/bez-komissii/|https://zaim.com/zaimy-bez-komissii/","bez-komissii"
"Цена и условия","займы без отказа и со 100% одобрением","bez-otkaza-100-procentov-odobreniya","zaym.me","https://zaym.me/zaimi/filter-bez-otkaza-100-procentov-odobreniya|https://zaym.me/zaimi/filter-bez-otkaza-100-procentov-odobreniya/anapa|https://zaym.me/zaimi/filter-bez-otkaza-100-procentov-odobreniya/arxangelsk|https://zaym.me/zaimi/filter-bez-otkaza-100-procentov-odobreniya/arzamas|https://zaym.me/zaimi/filter-bez-otkaza-100-procentov-odobreniya/astrakhan|https://zaym.me/zaimi/filter-bez-otkaza-100-procentov-odobreniya/barnaul|https://zaym.me/zaimi/filter-bez-otkaza-100-procentov-odobreniya/belgorod|https://zaym.me/zaimi/filter-bez-otkaza-100-procentov-odobreniya/bryansk","bez-otkaza-100-procentov-odobreniya"
"Цена и условия","займы без платных услуг","bez-platnyh-uslug","finuslugi.ru|zaim.com","https://finuslugi.ru/mikrozajmy/teg_bez_platnyh_uslug|https://zaim.com/zaimy-bez-platnih-uslug/","bez-platnih-uslug|bez-platnyh-uslug"
"Цена и условия","займы без подписок","bez-podpisok","bankiros.ru|brobank.ru|zaim.com|zaym.me","https://bankiros.ru/zaymy/bez-podpisok|https://brobank.ru/zajmy/bez-platnyh-podpisok/|https://zaim.com/zaimy-bez-podpisok/|https://zaym.me/zaimi/filter-bez-podpisok|https://zaym.me/zaimi/filter-bez-podpisok/anapa|https://zaym.me/zaimi/filter-bez-podpisok/arxangelsk|https://zaym.me/zaimi/filter-bez-podpisok/arzamas|https://zaym.me/zaimi/filter-bez-podpisok/astrakhan","bez-platnyh-podpisok|bez-podpisok"
"Цена и условия","займы без посредников","bez-posrednikov","bankiros.ru|brobank.ru|finuslugi.ru|zaim.com|zaym.me","https://bankiros.ru/zaymy/bez-posrednikov|https://brobank.ru/zajmy/bez-posrednikov/|https://finuslugi.ru/mikrozajmy/teg_mikrozaem_bez_posrednikov|https://zaim.com/zaymy-bez-posrednikov/|https://zaym.me/zaimi/filter-bez-posrednikov|https://zaym.me/zaimi/filter-bez-posrednikov/anapa|https://zaym.me/zaimi/filter-bez-posrednikov/arxangelsk|https://zaym.me/zaimi/filter-bez-posrednikov/arzamas","bez-posrednikov|mikrozaem-bez-posrednikov"
"Цена и условия","займы без предоплат","bez-predoplat","bankiros.ru|brobank.ru|zaim.com","https://bankiros.ru/zaymy/bez-predoplat|https://brobank.ru/zajmy/bez-predoplaty/|https://zaim.com/zaimy-bez-predoplat/","bez-predoplat|bez-predoplaty"
"Цена и условия","займы без процентов","bez-procentov","banki.ru|bankiros.ru|brobank.ru|finuslugi.ru|zaim.com|zaym.me","https://www.banki.ru/microloans/catalogue/besprotsentnyiy_zaym/|https://bankiros.ru/zaymy/bez-procentov|https://brobank.ru/zajmy/bez-procentov/|https://finuslugi.ru/mikrozajmy/teg_bez_procentov|https://zaim.com/zaimy-bez-procentov/|https://zaym.me/zaimi/filter-bezprocentov|https://zaym.me/zaimi/filter-bezprocentov/anapa|https://zaym.me/zaimi/filter-bezprocentov/arxangelsk","besprotsentnyiy-zaym|bez-procentov|bezprocentov"
"Цена и условия","займы без списания денег с карты","bez-spisaniya-deneg-s-karty","bankiros.ru|zaim.com|zaym.me","https://bankiros.ru/zaymy/bez-spisaniya-deneg-s-karty|https://zaim.com/zaimy-bez-spisaniya/|https://zaym.me/zaimi/filter-bez-spisaniya-deneg-s-karty|https://zaym.me/zaimi/filter-bez-spisaniya-deneg-s-karty/anapa|https://zaym.me/zaimi/filter-bez-spisaniya-deneg-s-karty/arxangelsk|https://zaym.me/zaimi/filter-bez-spisaniya-deneg-s-karty/arzamas|https://zaym.me/zaimi/filter-bez-spisaniya-deneg-s-karty/astrakhan|https://zaym.me/zaimi/filter-bez-spisaniya-deneg-s-karty/barnaul","bez-spisaniya|bez-spisaniya-deneg-s-karty"
"Цена и условия","займы без страховок","bez-strahovok","bankiros.ru|zaim.com|zaym.me","https://bankiros.ru/zaymy/bez-strahovok|https://zaim.com/zaimy-bez-strahovky/|https://zaym.me/zaimi/filter-bez-strahovok|https://zaym.me/zaimi/filter-bez-strahovok/anapa|https://zaym.me/zaimi/filter-bez-strahovok/arxangelsk|https://zaym.me/zaimi/filter-bez-strahovok/arzamas|https://zaym.me/zaimi/filter-bez-strahovok/astrakhan|https://zaym.me/zaimi/filter-bez-strahovok/barnaul","bez-strahovky|bez-strahovok"
"Цена и условия","деньги в рассрочку без процентов","dengi-v-rassrochku-bez-procentov","zaym.me","https://zaym.me/zaimi/filter-dengi-v-rassrochku-bez-procentov|https://zaym.me/zaimi/filter-dengi-v-rassrochku-bez-procentov/anapa|https://zaym.me/zaimi/filter-dengi-v-rassrochku-bez-procentov/arxangelsk|https://zaym.me/zaimi/filter-dengi-v-rassrochku-bez-procentov/arzamas|https://zaym.me/zaimi/filter-dengi-v-rassrochku-bez-procentov/astrakhan|https://zaym.me/zaimi/filter-dengi-v-rassrochku-bez-procentov/barnaul|https://zaym.me/zaimi/filter-dengi-v-rassrochku-bez-procentov/belgorod|https://zaym.me/zaimi/filter-dengi-v-rassrochku-bez-procentov/bryansk","dengi-v-rassrochku-bez-procentov"
"Цена и условия","займы до зарплаты без процентов","do-zarplaty-bez-procentov","zaim.com","https://zaim.com/zaimy-do-zarplaty-bez-procentov/","do-zarplaty-bez-procentov"
"Цена и условия","займы на месяц без процентов","na-mesyac-bez-procentov","brobank.ru","https://brobank.ru/zajmy/na-mesyac-bez-procentov/","na-mesyac-bez-procentov"
"Цена и условия","новые займы со 100% одобрением","novye-zaymy-100-procentov-odobrenia","zaim.com","https://zaim.com/novye-zaymy-100-procentov-odobrenia/","novye-zaymy-100-procentov-odobrenia"
"Цена и условия","новые займы без процентов","novye-zaymy-bez-procentov","zaim.com","https://zaim.com/novye-zaymy-bez-procentov/","novye-zaymy-bez-procentov"
"Цена и условия","первый займ без процентов","pervyj-bez-procentov","bankiros.ru|brobank.ru|zaym.me","https://bankiros.ru/zaymy/pervyj-bez-procentov|https://brobank.ru/zajmy/pervyj-zajm-bez-procentov/|https://zaym.me/zaimi/filter-pervyj-bez-procentov|https://zaym.me/zaimi/filter-pervyj-bez-procentov/anapa|https://zaym.me/zaimi/filter-pervyj-bez-procentov/arxangelsk|https://zaym.me/zaimi/filter-pervyj-bez-procentov/arzamas|https://zaym.me/zaimi/filter-pervyj-bez-procentov/astrakhan|https://zaym.me/zaimi/filter-pervyj-bez-procentov/barnaul","pervyj-bez-procentov|pervyj-zajm-bez-procentov"
"Цена и условия","займы под 0 процентов","pod-0-procentov","bankiros.ru","https://bankiros.ru/zaymy/pod-0-procentov","pod-0-procentov"
"Цена и условия","займы под низкий процент","pod-nizkiy-procent","bankiros.ru|brobank.ru|zaym.me","https://bankiros.ru/zaymy/pod-nizkiy-procent|https://brobank.ru/zajmy/s-nizkim-procentom/|https://zaym.me/zaimi/filter-pod-nizkiy-procent|https://zaym.me/zaimi/filter-pod-nizkiy-procent/anapa|https://zaym.me/zaimi/filter-pod-nizkiy-procent/arxangelsk|https://zaym.me/zaimi/filter-pod-nizkiy-procent/arzamas|https://zaym.me/zaimi/filter-pod-nizkiy-procent/astrakhan|https://zaym.me/zaimi/filter-pod-nizkiy-procent/barnaul","pod-nizkiy-procent|s-nizkim-procentom"
"Цена и условия","деньги под проценты","pod-procenty","brobank.ru","https://brobank.ru/zajmy/pod-procenty/","pod-procenty"
"Цена и условия","срочные займы со 100% одобрением","srochnye-100-procentov-odobrenia","zaim.com","https://zaim.com/srochnie-zaymy-100-procentov-odobrenia/","srochnye-100-procentov-odobrenia"
"Цена и условия","срочные займы без процентов","srochnye-bez-procentov","brobank.ru","https://brobank.ru/zajmy/srochnye-bez-procentov/","srochnye-bez-procentov"
"Цена и условия","выгодные займы","vygodnye","brobank.ru","https://brobank.ru/zajmy/vygodnye/","vygodnye"
"Документы и проверки","займы без биометрии","bez-biometrii","bankiros.ru","https://bankiros.ru/zaymy/zajmy-bez-biometrii","zajmy-bez-biometrii"
"Документы и проверки","займы без документов","bez-dokumentov","brobank.ru|zaim.com","https://brobank.ru/zajmy/bez-dokumentov/|https://zaim.com/zaimy-bez-documentov/","bez-documentov|bez-dokumentov"
"Документы и проверки","займы без электронной почты","bez-elektronnoy-pochty","bankiros.ru|brobank.ru|zaim.com","https://bankiros.ru/zaymy/bez-elektronnoy-pochty|https://brobank.ru/zajmy/bez-elektronnoj-pochty/|https://zaim.com/zaimy-bez-electronnoi-pochty/","bez-electronnoi-pochty|bez-elektronnoj-pochty|bez-elektronnoy-pochty"
"Документы и проверки","займы без фото","bez-foto","bankiros.ru","https://bankiros.ru/zaymy/bez-foto","bez-foto"
"Документы и проверки","займы без фото лица и документов","bez-foto-lica-i-dokumentov","brobank.ru","https://brobank.ru/zajmy/bez-foto-lica-i-dokumentov/","bez-foto-lica-i-dokumentov"
"Документы и проверки","займы без фото паспорта","bez-foto-pasporta","finuslugi.ru","https://finuslugi.ru/mikrozajmy/teg_bez_foto_pasporta","bez-foto-pasporta"
"Документы и проверки","займы без номера телефона","bez-nomera-telefona","bankiros.ru|brobank.ru|zaim.com","https://bankiros.ru/zaymy/bez-nomera-telefona|https://brobank.ru/zajmy/bez-nomera-telefona/|https://zaim.com/zaimy-bez-telefona/","bez-nomera-telefona|bez-telefona"
"Документы и проверки","займы без паспорта","bez-pasporta","bankiros.ru|brobank.ru|finuslugi.ru|zaim.com|zaym.me","https://bankiros.ru/zaymy/bez-pasporta|https://brobank.ru/zajmy/bez-pasporta/|https://finuslugi.ru/mikrozajmy/teg_bez_pasporta|https://zaim.com/zaimy-bez-pasporta/|https://zaym.me/zaimi/filter-bezpassporta|https://zaym.me/zaimi/filter-bezpassporta/anapa|https://zaym.me/zaimi/filter-bezpassporta/arxangelsk|https://zaym.me/zaimi/filter-bezpassporta/arzamas","bez-pasporta|bezpassporta"
"Документы и проверки","займы без подтверждения личности","bez-podtverzhdeniya-lichnosti","bankiros.ru|brobank.ru|zaim.com","https://bankiros.ru/zaymy/bez-podtverzhdeniya-lichnosti|https://brobank.ru/zajmy/bez-podtverzhdeniya-lichnosti/|https://zaim.com/zaimy-bez-podtverzhdeniya-lichnosty/","bez-podtverzhdeniya-lichnosti|bez-podtverzhdeniya-lichnosty"
"Документы и проверки","займы без поручителей","bez-poruchiteley","bankiros.ru|brobank.ru|zaim.com|zaym.me","https://bankiros.ru/zaymy/bez-poruchiteley|https://brobank.ru/zajmy/bez-poruchitelej/|https://zaim.com/zaimy-bez-poruchiteley/|https://zaym.me/zaimi/filter-bez-poruchiteley|https://zaym.me/zaimi/filter-bez-poruchiteley/anapa|https://zaym.me/zaimi/filter-bez-poruchiteley/arxangelsk|https://zaym.me/zaimi/filter-bez-poruchiteley/arzamas|https://zaym.me/zaimi/filter-bez-poruchiteley/astrakhan","bez-poruchitelej|bez-poruchiteley"
"Документы и проверки","займы без поручителей и справок","bez-poruchiteley-i-spravok","zaym.me","https://zaym.me/zaimi/filter-bez-poruchiteley-i-spravok|https://zaym.me/zaimi/filter-bez-poruchiteley-i-spravok/anapa|https://zaym.me/zaimi/filter-bez-poruchiteley-i-spravok/arxangelsk|https://zaym.me/zaimi/filter-bez-poruchiteley-i-spravok/arzamas|https://zaym.me/zaimi/filter-bez-poruchiteley-i-spravok/astrakhan|https://zaym.me/zaimi/filter-bez-poruchiteley-i-spravok/barnaul|https://zaym.me/zaimi/filter-bez-poruchiteley-i-spravok/belgorod|https://zaym.me/zaimi/filter-bez-poruchiteley-i-spravok/bryansk","bez-poruchiteley-i-spravok"
"Документы и проверки","займы без прописки","bez-propiski","brobank.ru|zaym.me","https://brobank.ru/zajmy/bez-propiski/|https://zaym.me/zaimi/filter-bez-propiski-i-vremennoy-registracii|https://zaym.me/zaimi/filter-bez-propiski-i-vremennoy-registracii/anapa|https://zaym.me/zaimi/filter-bez-propiski-i-vremennoy-registracii/arxangelsk|https://zaym.me/zaimi/filter-bez-propiski-i-vremennoy-registracii/arzamas|https://zaym.me/zaimi/filter-bez-propiski-i-vremennoy-registracii/astrakhan|https://zaym.me/zaimi/filter-bez-propiski-i-vremennoy-registracii/barnaul|https://zaym.me/zaimi/filter-bez-propiski-i-vremennoy-registracii/belgorod","bez-propiski|bez-propiski-i-vremennoy-registracii"
"Документы и проверки","займы без регистрации","bez-registracii","bankiros.ru|zaym.me","https://bankiros.ru/zaymy/bez-registracii|https://zaym.me/zaimi/filter-bez-registracii|https://zaym.me/zaimi/filter-bez-registracii/anapa|https://zaym.me/zaimi/filter-bez-registracii/arxangelsk|https://zaym.me/zaimi/filter-bez-registracii/arzamas|https://zaym.me/zaimi/filter-bez-registracii/astrakhan|https://zaym.me/zaimi/filter-bez-registracii/barnaul|https://zaym.me/zaimi/filter-bez-registracii/belgorod","bez-registracii"
"Документы и проверки","займы без СНИЛС","bez-snils","bankiros.ru|brobank.ru|zaim.com|zaym.me","https://bankiros.ru/zaymy/bez-snils|https://brobank.ru/zajmy/bez-snils/|https://zaim.com/zaimy-bez-snils/|https://zaym.me/zaimi/filter-bez-snils|https://zaym.me/zaimi/filter-bez-snils/anapa|https://zaym.me/zaimi/filter-bez-snils/arxangelsk|https://zaym.me/zaimi/filter-bez-snils/arzamas|https://zaym.me/zaimi/filter-bez-snils/astrakhan","bez-snils"
"Документы и проверки","займы без справок","bez-spravok","brobank.ru","https://brobank.ru/zajmy/bez-spravok/","bez-spravok"
"Документы и проверки","займы без звонков","bez-zvonkov","bankiros.ru|brobank.ru|finuslugi.ru","https://bankiros.ru/zaymy/bez-zvonkov|https://brobank.ru/zajmy/bez-zvonkov/|https://finuslugi.ru/mikrozajmy/teg_bez_zvonkov","bez-zvonkov"
"Документы и проверки","займы через Госуслуги","cherez-gosuslugi","bankiros.ru|brobank.ru|finuslugi.ru|zaim.com|zaym.me","https://bankiros.ru/zaymy/cherez-gosuslugi|https://brobank.ru/zajmy/cherez-gosuslugi/|https://finuslugi.ru/mikrozajmy/teg_gosuslugi|https://zaim.com/zaimy-cherez-gosuslugi/|https://zaym.me/zaimi/filter-zaim-cherez-gosuslugi|https://zaym.me/zaimi/filter-zaim-cherez-gosuslugi/anapa|https://zaym.me/zaimi/filter-zaim-cherez-gosuslugi/arxangelsk|https://zaym.me/zaimi/filter-zaim-cherez-gosuslugi/arzamas","cherez-gosuslugi|gosuslugi|zaim-cherez-gosuslugi"
"Документы и проверки","займы на телефон","na-telefon","zaym.me","https://zaym.me/zaimi/filter-zaim-na-telefon|https://zaym.me/zaimi/filter-zaim-na-telefon/anapa|https://zaym.me/zaimi/filter-zaim-na-telefon/arxangelsk|https://zaym.me/zaimi/filter-zaim-na-telefon/arzamas|https://zaym.me/zaimi/filter-zaim-na-telefon/astrakhan|https://zaym.me/zaimi/filter-zaim-na-telefon/barnaul|https://zaym.me/zaimi/filter-zaim-na-telefon/belgorod|https://zaym.me/zaimi/filter-zaim-na-telefon/bryansk","zaim-na-telefon"
"Документы и проверки","новые займы через Госуслуги","novye-zaymy-cherez-gosuslugi","zaim.com","https://zaim.com/novye-zaymy-cherez-gosuslugi/","novye-zaymy-cherez-gosuslugi"
"Документы и проверки","займы по паспорту","po-pasportu","bankiros.ru|brobank.ru|finuslugi.ru|zaim.com|zaym.me","https://bankiros.ru/zaymy/po-pasportu|https://brobank.ru/zajmy/po-pasportu/|https://finuslugi.ru/mikrozajmy/teg_po_pasportu|https://zaim.com/zaimy-po-pasportu/|https://zaim.com/zaimy-v-moskve-po-pasportu/|https://zaym.me/zaimi/filter-zaim-po-pasportu|https://zaym.me/zaimi/filter-zaim-po-pasportu/anapa|https://zaym.me/zaimi/filter-zaim-po-pasportu/arxangelsk","po-pasportu|zaim-po-pasportu"
"Документы и проверки","займы по паспорту на карту","po-pasportu-na-kartu","zaim.com","https://zaim.com/zaimy-po-pasportu-na-kartu/","po-pasportu-na-kartu"
"Документы и проверки","займы по военному билету","po-voennomu-biletu","brobank.ru","https://brobank.ru/zajmy/po-voennomu-biletu/","po-voennomu-biletu"
"Документы и проверки","займы по загранпаспорту","po-zagranpasportu","brobank.ru","https://brobank.ru/zajmy/po-zagranpasportu/","po-zagranpasportu"
"Документы и проверки","займы под залог документов","pod-zalog-dokumentov","zaim.com","https://zaim.com/zaimy-pod-zalog-documentov/","pod-zalog-documentov"
"Документы и проверки","займы с временной регистрацией","vremennaya-registraciya","zaym.me","https://zaym.me/zaimi/filter-vrem-reg|https://zaym.me/zaimi/filter-vrem-reg/anapa|https://zaym.me/zaimi/filter-vrem-reg/arxangelsk|https://zaym.me/zaimi/filter-vrem-reg/arzamas|https://zaym.me/zaimi/filter-vrem-reg/astrakhan|https://zaym.me/zaimi/filter-vrem-reg/barnaul|https://zaym.me/zaimi/filter-vrem-reg/belgorod|https://zaym.me/zaimi/filter-vrem-reg/bryansk","vrem-reg"
"КИ и одобрение","1000 рублей на карту без отказа","1000-na-kartu-bez-otkaza","finuslugi.ru","https://finuslugi.ru/mikrozajmy/teg_1000_na_kartu_bez_otkaza","1000-na-kartu-bez-otkaza"
"КИ и одобрение","10000 рублей на карту без отказа","10000-na-kartu-bez-otkaza","finuslugi.ru","https://finuslugi.ru/mikrozajmy/teg_10000_na_kartu_bez_otkaza","10000-na-kartu-bez-otkaza"
"КИ и одобрение","займы всем / абсолютно всем","absolyutno-vsem","bankiros.ru|brobank.ru|finuslugi.ru|zaym.me","https://bankiros.ru/zaymy/absolyutno-vsem|https://brobank.ru/zajmy/absolyutno-vsem/|https://finuslugi.ru/mikrozajmy/teg_vsem|https://zaym.me/zaimi/filter-absolyutno-vsem|https://zaym.me/zaimi/filter-absolyutno-vsem/anapa|https://zaym.me/zaimi/filter-absolyutno-vsem/arxangelsk|https://zaym.me/zaimi/filter-absolyutno-vsem/arzamas|https://zaym.me/zaimi/filter-absolyutno-vsem/astrakhan","absolyutno-vsem|vsem"
"КИ и одобрение","займы без кредитной истории","bez-kreditnoy-istorii","bankiros.ru|brobank.ru|zaim.com|zaym.me","https://bankiros.ru/zaymy/bez-kreditnoj-istorii|https://brobank.ru/zajmy/bez-kreditnoj-istorii/|https://zaim.com/zaimy-bez-kreditnoi-istorii/|https://zaym.me/zaimi/filter-zaimbez-kreditnoj-istorii|https://zaym.me/zaimi/filter-zaimbez-kreditnoj-istorii/anapa|https://zaym.me/zaimi/filter-zaimbez-kreditnoj-istorii/arxangelsk|https://zaym.me/zaimi/filter-zaimbez-kreditnoj-istorii/arzamas|https://zaym.me/zaimi/filter-zaimbez-kreditnoj-istorii/astrakhan","bez-kreditnoi-istorii|bez-kreditnoj-istorii|zaimbez-kreditnoj-istorii"
"КИ и одобрение","займы без отказа","bez-otkaza","banki.ru|bankiros.ru|brobank.ru|finuslugi.ru|zaym.me","https://www.banki.ru/microloans/catalogue/zaymyi_bez_otkaza/|https://bankiros.ru/zaymy/bez-otkaza|https://bankiros.ru/zaymy/bezotkaznye|https://brobank.ru/zajmy/bez-otkaza/|https://finuslugi.ru/mikrozajmy/teg_bez_otkaza|https://zaym.me/zaimi/filter-bez-otkaza|https://zaym.me/zaimi/filter-bez-otkaza/anapa|https://zaym.me/zaimi/filter-bez-otkaza/arxangelsk","bez-otkaza|bezotkaznye|zaymyi-bez-otkaza"
"КИ и одобрение","займы без отказа с плохой КИ","bez-otkaza-s-plohoy-kreditnoy-istoriey","bankiros.ru","https://bankiros.ru/zaymy/bez-otkaza-s-plohoy-kreditnoy-istoriey","bez-otkaza-s-plohoy-kreditnoy-istoriey"
"КИ и одобрение","деньги в долг без проверки кредитной истории","dengi-v-dolg-bez-proverki-kreditnoj-istorii","brobank.ru","https://brobank.ru/zajmy/dengi-v-dolg-bez-proverki-kreditnoj-istorii/","dengi-v-dolg-bez-proverki-kreditnoj-istorii"
"КИ и одобрение","займы для улучшения КИ","dlya-uluchsheniya-kreditnoj-istorii","brobank.ru","https://brobank.ru/zajmy/dlya-uluchsheniya-kreditnoj-istorii/","dlya-uluchsheniya-kreditnoj-istorii"
"КИ и одобрение","займы до зарплаты без отказа","do-zarplaty-bez-otkaza","zaim.com","https://zaim.com/zaimy-do-zarplaty-bez-otkaza/","do-zarplaty-bez-otkaza"
"КИ и одобрение","займы до зарплаты с плохой КИ","do-zarplaty-s-plohoy-kreditnoy-istoriey","zaim.com","https://zaim.com/zaimy-do-zarplaty-s-plohoy-kreditnoy-istoriey/","do-zarplaty-s-plohoy-kreditnoy-istoriey"
"КИ и одобрение","займы должникам","dolzhnikam","bankiros.ru|brobank.ru|zaim.com","https://bankiros.ru/zaymy/dolzhnikam|https://brobank.ru/zajmy/dolzhnikam/|https://zaim.com/zaimy-dolzhnikam/","dolzhnikam"
"КИ и одобрение","экспресс-займы без отказа","express-bez-otkaza","zaim.com","https://zaim.com/zaimy-express-bez-otkaza/","express-bez-otkaza"
"КИ и одобрение","новые займы с плохой КИ","novye-zaymy-s-plohoy-kreditnoy-istoriey","zaim.com","https://zaim.com/novye-zaymy-s-plohoy-kreditnoy-istoriey/","novye-zaymy-s-plohoy-kreditnoy-istoriey"
"КИ и одобрение","новые займы с просрочками","novye-zaymy-s-prosrochkami","zaim.com","https://zaim.com/novye-zaymy-s-prosrochkami/","novye-zaymy-s-prosrochkami"
"КИ и одобрение","займы после отказа","posle-otkaza","bankiros.ru|zaym.me","https://bankiros.ru/zaymy/posle-otkaza|https://zaym.me/zaimi/filter-posle-otkaza|https://zaym.me/zaimi/filter-posle-otkaza/anapa|https://zaym.me/zaimi/filter-posle-otkaza/arxangelsk|https://zaym.me/zaimi/filter-posle-otkaza/arzamas|https://zaym.me/zaimi/filter-posle-otkaza/astrakhan|https://zaym.me/zaimi/filter-posle-otkaza/barnaul|https://zaym.me/zaimi/filter-posle-otkaza/belgorod","posle-otkaza"
"КИ и одобрение","рефинансирование займов с просрочками","refinansirovanie-zaimov-s-prosrochkami","zaim.com","https://zaim.com/zaimy-refinansirovanie-zaimov-s-prosrochkami/","refinansirovanie-zaimov-s-prosrochkami"
"КИ и одобрение","займы-роботы / автоматические займы","roboty-zajmov","bankiros.ru|brobank.ru|zaim.com|zaym.me","https://bankiros.ru/zaymy/robot|https://brobank.ru/zajmy/roboty-zajmov/|https://zaim.com/zaimy-roboty/|https://zaym.me/zaimi/filter-robot|https://zaym.me/zaimi/filter-robot/anapa|https://zaym.me/zaimi/filter-robot/arxangelsk|https://zaym.me/zaimi/filter-robot/arzamas|https://zaym.me/zaimi/filter-robot/astrakhan","robot|roboty|roboty-zajmov"
"КИ и одобрение","займы с автоматическим одобрением","s-avtomaticheskim-odobreniem","bankiros.ru|brobank.ru|zaim.com","https://bankiros.ru/zaymy/avtomatom|https://brobank.ru/zajmy/s-avtomaticheskim-odobreniem/|https://zaim.com/zaimy-s-avtomaticheskim-odobreniem/","avtomatom|s-avtomaticheskim-odobreniem"
"КИ и одобрение","займы онлайн на карту с автоматическим одобрением","s-avtomaticheskim-odobreniem-na-kartu-online","zaym.me","https://zaym.me/zaimi/filter-s-avtomaticheskim-odobreniem-na-kartu-online|https://zaym.me/zaimi/filter-s-avtomaticheskim-odobreniem-na-kartu-online/anapa|https://zaym.me/zaimi/filter-s-avtomaticheskim-odobreniem-na-kartu-online/arxangelsk|https://zaym.me/zaimi/filter-s-avtomaticheskim-odobreniem-na-kartu-online/arzamas|https://zaym.me/zaimi/filter-s-avtomaticheskim-odobreniem-na-kartu-online/astrakhan|https://zaym.me/zaimi/filter-s-avtomaticheskim-odobreniem-na-kartu-online/barnaul|https://zaym.me/zaimi/filter-s-avtomaticheskim-odobreniem-na-kartu-online/belgorod|https://zaym.me/zaimi/filter-s-avtomaticheskim-odobreniem-na-kartu-online/bryansk","s-avtomaticheskim-odobreniem-na-kartu-online"
"КИ и одобрение","займы с черным списком","s-chernym-spiskom","brobank.ru|zaym.me","https://brobank.ru/zajmy/s-chernym-spiskom/|https://zaym.me/zaimi/filter-s-chernym-spiskom|https://zaym.me/zaimi/filter-s-chernym-spiskom/anapa|https://zaym.me/zaimi/filter-s-chernym-spiskom/arxangelsk|https://zaym.me/zaimi/filter-s-chernym-spiskom/arzamas|https://zaym.me/zaimi/filter-s-chernym-spiskom/astrakhan|https://zaym.me/zaimi/filter-s-chernym-spiskom/barnaul|https://zaym.me/zaimi/filter-s-chernym-spiskom/belgorod","s-chernym-spiskom"
"КИ и одобрение","займы с мгновенным одобрением","s-mgnovennym-odobreniem","brobank.ru","https://brobank.ru/zajmy/s-mgnovennym-odobreniem/","s-mgnovennym-odobreniem"
"КИ и одобрение","займы с плохой кредитной историей","s-plohoy-kreditnoy-istoriey","banki.ru|bankiros.ru|brobank.ru|finuslugi.ru|zaim.com|zaym.me","https://www.banki.ru/microloans/catalogue/zaymyi_s_plohoy_kreditnoy_istoriey/|https://www.banki.ru/microloans/catalogue/zaymyi_s_plohoy_kreditnoy_istoriey/chelyabinsk/|https://www.banki.ru/microloans/catalogue/zaymyi_s_plohoy_kreditnoy_istoriey/ivanovo/|https://www.banki.ru/microloans/catalogue/zaymyi_s_plohoy_kreditnoy_istoriey/kazan~/|https://www.banki.ru/microloans/catalogue/zaymyi_s_plohoy_kreditnoy_istoriey/kirov/|https://www.banki.ru/microloans/catalogue/zaymyi_s_plohoy_kreditnoy_istoriey/krasnodar/|https://www.banki.ru/microloans/catalogue/zaymyi_s_plohoy_kreditnoy_istoriey/omsk/|https://www.banki.ru/microloans/catalogue/zaymyi_s_plohoy_kreditnoy_istoriey/perm~/","s-plohoi-ki|s-plohoi-kreditnoi-istoriey|s-plohoj-kreditnoj-istoriej|zaim-s-plohoi-ki|zaymyi-s-plohoy-kreditnoy-istoriey"
"КИ и одобрение","займы с плохой КИ на карту","s-plohoy-kreditnoy-istoriey-na-kartu","brobank.ru","https://brobank.ru/zajmy/s-plohoy-kreditnoy-istoriey-na-kartu/","s-plohoy-kreditnoy-istoriey-na-kartu"
"КИ и одобрение","займы с просрочками","s-prosrochkami","bankiros.ru|brobank.ru|finuslugi.ru|zaim.com|zaym.me","https://bankiros.ru/zaymy/s-prosrochkami|https://brobank.ru/zajmy/s-prosrochkami/|https://finuslugi.ru/mikrozajmy/teg_s_prosrochkami|https://zaim.com/zaimy-s-prosrochkamy/|https://zaym.me/zaimi/filter-sprosrochkami|https://zaym.me/zaimi/filter-sprosrochkami/anapa|https://zaym.me/zaimi/filter-sprosrochkami/arxangelsk|https://zaym.me/zaimi/filter-sprosrochkami/arzamas","s-prosrochkami|s-prosrochkamy|sprosrochkami"
"КИ и одобрение","займы с высоким одобрением","s-vysokim-odobreniem","brobank.ru|zaim.com","https://brobank.ru/zajmy/s-vysokim-odobreniem/|https://zaim.com/predlozheniya-s-maksimalnym-odobreniem/","predlozheniya-s-maksimalnym-odobreniem|s-vysokim-odobreniem"
"КИ и одобрение","займы совсем пропащим","sovsem-propashchim","bankiros.ru|brobank.ru|zaim.com|zaym.me","https://bankiros.ru/zaymy/sovsem-propashchim|https://brobank.ru/zajmy/propashchim/|https://zaim.com/zaimy-propaschim/|https://zaym.me/zaimi/filter-sovsem-propashchim|https://zaym.me/zaimi/filter-sovsem-propashchim/anapa|https://zaym.me/zaimi/filter-sovsem-propashchim/arxangelsk|https://zaym.me/zaimi/filter-sovsem-propashchim/arzamas|https://zaym.me/zaimi/filter-sovsem-propashchim/astrakhan","propaschim|propashchim|sovsem-propashchim"
"КИ и одобрение","срочные займы без отказа","srochnye-bez-otkaza","zaim.com","https://zaim.com/srochniy-zaimy-bez-otkaza/","srochnye-bez-otkaza"
"КИ и одобрение","срочные займы с плохой КИ","srochnye-s-plohoy-kreditnoy-istoriey","zaim.com","https://zaim.com/srochniy-zaimy-s-plohoy-kreditnoy-istoriey/","srochnye-s-plohoy-kreditnoy-istoriey"
"КИ и одобрение","срочные займы с просрочками","srochnye-s-prosrochkami","zaim.com","https://zaim.com/srochniy-zaymy-s-prosrochkami/","srochnye-s-prosrochkami"
"Скорость","2000 рублей срочно на карту","2000-srochno-na-kartu","finuslugi.ru","https://finuslugi.ru/mikrozajmy/teg_2000_srochno_na_kartu","2000-srochno-na-kartu"
"Скорость","30000 рублей срочно","30000-srochno","finuslugi.ru","https://finuslugi.ru/mikrozajmy/teg_30000_srochno","30000-srochno"
"Скорость","быстрые займы","bystrye","banki.ru|bankiros.ru|finuslugi.ru|zaim.com|zaym.me","https://www.banki.ru/microloans/catalogue/byistryie_zaymyi/|https://bankiros.ru/zaymy/bystryj|https://finuslugi.ru/mikrozajmy/teg_bystryi|https://zaim.com/zaimy-bistrie/|https://zaym.me/zaimi/filter-zaim-bystryj|https://zaym.me/zaimi/filter-zaim-bystryj/anapa|https://zaym.me/zaimi/filter-zaim-bystryj/arxangelsk|https://zaym.me/zaimi/filter-zaim-bystryj/arzamas","bistrie|byistryie-zaymyi|bystryi|bystryj|zaim-bystryj"
"Скорость","деньги в долг на карту срочно","dengi-v-dolg-na-kartu-srochno","brobank.ru","https://brobank.ru/zajmy/dengi-v-dolg-na-kartu-srochno/","dengi-v-dolg-na-kartu-srochno"
"Скорость","займы до зарплаты срочно","do-zarplaty-srochno","zaim.com","https://zaim.com/zaimy-do-zarplaty-srochno/","do-zarplaty-srochno"
"Скорость","долгосрочные займы","dolgosrochnye","bankiros.ru|brobank.ru|zaim.com|zaym.me","https://bankiros.ru/zaymy/dolgosrochnyj|https://brobank.ru/zajmy/dolgosrochnye/|https://zaim.com/zaimy-dolgosrochnie/|https://zaym.me/zaimi/filter-zaimi-dolgosrochnye|https://zaym.me/zaimi/filter-zaimi-dolgosrochnye/anapa|https://zaym.me/zaimi/filter-zaimi-dolgosrochnye/arxangelsk|https://zaym.me/zaimi/filter-zaimi-dolgosrochnye/arzamas|https://zaym.me/zaimi/filter-zaimi-dolgosrochnye/astrakhan","dolgosrochnie|dolgosrochnye|dolgosrochnyj|zaimi-dolgosrochnye"
"Скорость","долгосрочные займы на карту","dolgosrochnye-na-kartu","brobank.ru","https://brobank.ru/zajmy/dolgosrochnye-na-kartu/","dolgosrochnye-na-kartu"
"Скорость","долгосрочные займы наличными","dolgosrochnye-zaymy-nalichnymi","brobank.ru","https://brobank.ru/zajmy/dolgosrochnye-zaymy-nalichnymi/","dolgosrochnye-zaymy-nalichnymi"
"Скорость","экспресс-займы","ekspress","brobank.ru|zaim.com","https://brobank.ru/zajmy/express/|https://zaim.com/zaimy-express/","express"
"Скорость","экспресс-займ на карту","ekspress-zajm-na-kartu","finuslugi.ru","https://finuslugi.ru/mikrozajmy/teg_ekspress_zajm_na_kartu","ekspress-zajm-na-kartu"
"Скорость","краткосрочные займы","kratkosrochnye","bankiros.ru|brobank.ru|finuslugi.ru|zaim.com","https://bankiros.ru/zaymy/kratkosrochnye|https://brobank.ru/zajmy/kratkosrochnye/|https://finuslugi.ru/mikrozajmy/teg_kratkosrochnyi|https://zaim.com/zaimy-kratkosrochnie/","kratkosrochnie|kratkosrochnye|kratkosrochnyi"
"Скорость","займы круглосуточно","kruglosutochno","bankiros.ru|brobank.ru|finuslugi.ru|zaym.me","https://bankiros.ru/zaymy/kruglosutochno|https://brobank.ru/zajmy/kruglosutochno/|https://finuslugi.ru/mikrozajmy/teg_kruglosutochno|https://zaym.me/zaimi/filter-kruglosutochno|https://zaym.me/zaimi/filter-kruglosutochno/anapa|https://zaym.me/zaimi/filter-kruglosutochno/arxangelsk|https://zaym.me/zaimi/filter-kruglosutochno/arzamas|https://zaym.me/zaimi/filter-kruglosutochno/astrakhan","kruglosutochno"
"Скорость","займы круглосуточно на карту","kruglosutochnye-na-kartu","brobank.ru","https://brobank.ru/zajmy/kruglosutochnye-na-kartu/","kruglosutochnye-na-kartu"
"Скорость","мгновенные займы","mgnovennye","zaim.com","https://zaim.com/zaimy-mgnovenno/","mgnovenno"
"Скорость","моментальные займы","momentalnye","bankiros.ru|zaym.me","https://bankiros.ru/zaymy/momentalnyi|https://zaym.me/zaimi/filter-momentalnyi|https://zaym.me/zaimi/filter-momentalnyi/anapa|https://zaym.me/zaimi/filter-momentalnyi/arxangelsk|https://zaym.me/zaimi/filter-momentalnyi/arzamas|https://zaym.me/zaimi/filter-momentalnyi/astrakhan|https://zaym.me/zaimi/filter-momentalnyi/barnaul|https://zaym.me/zaimi/filter-momentalnyi/belgorod","momentalnyi"
"Скорость","займы на дом срочно","na-dom-srochno","bankiros.ru","https://bankiros.ru/zaymy/na-dom-srochno","na-dom-srochno"
"Скорость","займы на карту круглосуточно","na-karty-kruglosutochno","zaim.com","https://zaim.com/zaimy-na-karty-kruglosutochno/","na-karty-kruglosutochno"
"Скорость","займы ночью","nochyu","brobank.ru|zaym.me","https://brobank.ru/zajmy/nochyu/|https://zaym.me/zaimi/filter-nochju|https://zaym.me/zaimi/filter-nochju/anapa|https://zaym.me/zaimi/filter-nochju/arxangelsk|https://zaym.me/zaimi/filter-nochju/arzamas|https://zaym.me/zaimi/filter-nochju/astrakhan|https://zaym.me/zaimi/filter-nochju/barnaul|https://zaym.me/zaimi/filter-nochju/belgorod","nochju|nochyu"
"Скорость","новые займы круглосуточно","novye-zaymy-kruglosutochno","zaim.com","https://zaim.com/novye-zaymy-kruglosutochno/","novye-zaymy-kruglosutochno"
"Скорость","займы сразу","srazu","bankiros.ru","https://bankiros.ru/zaymy/srazu","srazu"
"Скорость","займы сразу на карту","srazu-na-kartu","brobank.ru","https://brobank.ru/zajmy/srazu-na-kartu/","srazu-na-kartu"
"Скорость","1000 рублей срочно","srochno-1000","zaym.me","https://zaym.me/zaimi/filter-srochno-1000|https://zaym.me/zaimi/filter-srochno-1000/anapa|https://zaym.me/zaimi/filter-srochno-1000/arxangelsk|https://zaym.me/zaimi/filter-srochno-1000/arzamas|https://zaym.me/zaimi/filter-srochno-1000/astrakhan|https://zaym.me/zaimi/filter-srochno-1000/barnaul|https://zaym.me/zaimi/filter-srochno-1000/belgorod|https://zaym.me/zaimi/filter-srochno-1000/bryansk","srochno-1000"
"Скорость","500 рублей срочно","srochno-500","zaym.me","https://zaym.me/zaimi/filter-srochno-500|https://zaym.me/zaimi/filter-srochno-500/anapa|https://zaym.me/zaimi/filter-srochno-500/arxangelsk|https://zaym.me/zaimi/filter-srochno-500/arzamas|https://zaym.me/zaimi/filter-srochno-500/astrakhan|https://zaym.me/zaimi/filter-srochno-500/barnaul|https://zaym.me/zaimi/filter-srochno-500/belgorod|https://zaym.me/zaimi/filter-srochno-500/bryansk","srochno-500"
"Скорость","срочные займы","srochnye","bankiros.ru|brobank.ru|zaim.com|zaym.me","https://bankiros.ru/zaymy/srochnyj|https://brobank.ru/zajmy/srochnye/|https://zaim.com/zaimy-srochniy/|https://zaym.me/zaimi/filter-srochnie-zaimi|https://zaym.me/zaimi/filter-srochnie-zaimi/anapa|https://zaym.me/zaimi/filter-srochnie-zaimi/arxangelsk|https://zaym.me/zaimi/filter-srochnie-zaimi/arzamas|https://zaym.me/zaimi/filter-srochnie-zaimi/astrakhan","srochnie-zaimi|srochniy|srochnye|srochnyj"
"Скорость","срочные займы без проверок","srochnye-bez-proverok","zaim.com","https://zaim.com/srochniy-zaymy-bez-proverok/","srochnye-bez-proverok"
"Скорость","срочные займы на карту","srochnye-na-kartu","brobank.ru","https://brobank.ru/zajmy/srochnye-na-kartu/","srochnye-na-kartu"
"Скорость","срочные займы онлайн","srochnye-online","finuslugi.ru","https://finuslugi.ru/mikrozajmy/teg_srochnye_onlajn","srochnye-onlajn"
"Скорость","срочные займы под расписку","srochnye-pod-raspisku","zaim.com","https://zaim.com/srochnie-zaymy-pod-raspisku/","srochnye-pod-raspisku"
"Скорость","займы в день обращения","v-den-obrashcheniya","brobank.ru","https://brobank.ru/zajmy/v-den-obrashcheniya/","v-den-obrashcheniya"
"Скорость","займы за 1 минуту","za-1-minutu","bankiros.ru|zaim.com|zaym.me","https://bankiros.ru/zaymy/za-1-minutu|https://zaim.com/zaimy-za-1-minutu/|https://zaym.me/zaimi/filter-za-minutu|https://zaym.me/zaimi/filter-za-minutu/anapa|https://zaym.me/zaimi/filter-za-minutu/arxangelsk|https://zaym.me/zaimi/filter-za-minutu/arzamas|https://zaym.me/zaimi/filter-za-minutu/astrakhan|https://zaym.me/zaimi/filter-za-minutu/barnaul","za-1-minutu|za-minutu"
"Скорость","займы за 15 минут","za-15-minut","bankiros.ru|brobank.ru|zaym.me","https://bankiros.ru/zaymy/za-15-minut|https://brobank.ru/zajmy/za-15-minut/|https://zaym.me/zaimi/filter-za-15-minut|https://zaym.me/zaimi/filter-za-15-minut/anapa|https://zaym.me/zaimi/filter-za-15-minut/arxangelsk|https://zaym.me/zaimi/filter-za-15-minut/arzamas|https://zaym.me/zaimi/filter-za-15-minut/astrakhan|https://zaym.me/zaimi/filter-za-15-minut/barnaul","za-15-minut"
"Скорость","займы за 5 минут","za-5-minut","bankiros.ru|brobank.ru|finuslugi.ru|zaim.com|zaym.me","https://bankiros.ru/zaymy/za-5-minut|https://brobank.ru/zajmy/za-5-minut/|https://finuslugi.ru/mikrozajmy/teg_za_5_minut|https://zaim.com/zaimy-za-5-minut/|https://zaym.me/zaimi/filter-zaim-za-5-minut|https://zaym.me/zaimi/filter-zaim-za-5-minut/anapa|https://zaym.me/zaimi/filter-zaim-za-5-minut/arxangelsk|https://zaym.me/zaimi/filter-zaim-za-5-minut/arzamas","za-5-minut|zaim-za-5-minut"
"Скорость","займы за 5 минут на карту","za-5-minut-na-kartu","brobank.ru","https://brobank.ru/zajmy/za-5-minut-na-kartu/","za-5-minut-na-kartu"
"Срок и погашение","займы до/после 80 лет","80-let","zaym.me","https://zaym.me/zaimi/filter-80-let|https://zaym.me/zaimi/filter-80-let/anapa|https://zaym.me/zaimi/filter-80-let/arxangelsk|https://zaym.me/zaimi/filter-80-let/arzamas|https://zaym.me/zaimi/filter-80-let/astrakhan|https://zaym.me/zaimi/filter-80-let/barnaul|https://zaym.me/zaimi/filter-80-let/belgorod|https://zaym.me/zaimi/filter-80-let/bryansk","80-let"
"Срок и погашение","займы до/после 85 лет","85-let","zaym.me","https://zaym.me/zaimi/filter-85-let|https://zaym.me/zaimi/filter-85-let/anapa|https://zaym.me/zaimi/filter-85-let/arxangelsk|https://zaym.me/zaimi/filter-85-let/arzamas|https://zaym.me/zaimi/filter-85-let/astrakhan|https://zaym.me/zaimi/filter-85-let/barnaul|https://zaym.me/zaimi/filter-85-let/belgorod|https://zaym.me/zaimi/filter-85-let/bryansk","85-let"
"Срок и погашение","займы для погашения","dlya-pogasheniya","bankiros.ru","https://bankiros.ru/zaymy/dlya-pogasheniya","dlya-pogasheniya"
"Срок и погашение","займы для погашения других займов","dlya-pogasheniya-drugih-zaymov","brobank.ru|zaim.com","https://brobank.ru/zajmy/na-pogashenie-drugih-zajmov/|https://zaim.com/zaimy-dlya-pogasheniya-drugih-zaymov/","dlya-pogasheniya-drugih-zaymov|na-pogashenie-drugih-zajmov"
"Срок и погашение","займы до 75 лет","do-75-let","bankiros.ru|zaim.com","https://bankiros.ru/zaymy/do-75-let|https://zaim.com/zaimy-do-75-let/","do-75-let"
"Срок и погашение","займы до 80 лет","do-80-let","bankiros.ru|zaim.com","https://bankiros.ru/zaymy/do-80-let|https://zaim.com/zaimy-do-80-let/","do-80-let"
"Срок и погашение","займы до зарплаты","do-zarplaty","bankiros.ru|brobank.ru|finuslugi.ru|zaim.com|zaym.me","https://bankiros.ru/zaymy/do-zarplaty|https://brobank.ru/zajmy/do-zarplaty/|https://finuslugi.ru/mikrozajmy/teg_do_zarplaty|https://zaim.com/zaimy-do-zarplaty/|https://zaym.me/zaimi/filter-do-zarplaty|https://zaym.me/zaimi/filter-do-zarplaty/abakan|https://zaym.me/zaimi/filter-do-zarplaty/aban|https://zaym.me/zaimi/filter-do-zarplaty/abatskiy","do-zarplaty"
"Срок и погашение","займы до зарплаты на карту","do-zarplaty-na-kartu","brobank.ru|zaim.com","https://brobank.ru/zajmy/do-zarplaty-na-kartu/|https://zaim.com/zaimy-do-zarplaty-na-kartu/","do-zarplaty-na-kartu"
"Срок и погашение","займы на 2 года","na-2-goda","bankiros.ru|brobank.ru|zaim.com","https://bankiros.ru/zaymy/na-2-goda|https://brobank.ru/zajmy/na-2-goda/|https://zaim.com/zaimy-na-2-goda/","na-2-goda"
"Срок и погашение","займы на 2 месяца","na-2-mesyaca","bankiros.ru|brobank.ru|zaim.com","https://bankiros.ru/zaymy/na-2-mesyaca|https://brobank.ru/zajmy/na-2-mesyaca/|https://zaim.com/zaimy-na-2-mesyaca/","na-2-mesyaca"
"Срок и погашение","займы на 3 месяца","na-3-mesyaca","bankiros.ru|brobank.ru|finuslugi.ru|zaim.com|zaym.me","https://bankiros.ru/zaymy/na-3-mesyaca|https://brobank.ru/zajmy/3-mesyaca/|https://finuslugi.ru/mikrozajmy/teg_na_3_mesyatsa|https://zaim.com/zaimy-na-3-mesyaca/|https://zaym.me/zaimi/filter-na-3-mesyaca|https://zaym.me/zaimi/filter-na-3-mesyaca/anapa|https://zaym.me/zaimi/filter-na-3-mesyaca/arxangelsk|https://zaym.me/zaimi/filter-na-3-mesyaca/arzamas","3-mesyaca|na-3-mesyaca|na-3-mesyatsa"
"Срок и погашение","займы на 5 лет","na-5-let","bankiros.ru|brobank.ru|zaim.com","https://bankiros.ru/zaymy/na-5-let|https://brobank.ru/zajmy/na-5-let/|https://zaim.com/zaimy-na-5-let/","na-5-let"
"Срок и погашение","займы на 60 дней","na-60-dnej","brobank.ru","https://brobank.ru/zajmy/na-60-dnej/","na-60-dnej"
"Срок и погашение","займы на 7 дней","na-7-dney","bankiros.ru","https://bankiros.ru/zaymy/na-7-dney","na-7-dney"
"Срок и погашение","займы на длительный срок с ежемесячной оплатой","na-dlitelnyj-srok-s-ezhemesyachnoj-oplatoj","brobank.ru","https://brobank.ru/zajmy/na-dlitelnyj-srok-s-ezhemesyachnoj-oplatoj/","na-dlitelnyj-srok-s-ezhemesyachnoj-oplatoj"
"Срок и погашение","займы на год","na-god","bankiros.ru|brobank.ru|finuslugi.ru|zaim.com","https://bankiros.ru/zaymy/na-god|https://brobank.ru/zajmy/na-1-god/|https://finuslugi.ru/mikrozajmy/teg_na_god|https://zaim.com/zaimy-na-god/","na-1-god|na-god"
"Срок и погашение","займы на месяц","na-mesyac","bankiros.ru|brobank.ru|finuslugi.ru|zaim.com|zaym.me","https://bankiros.ru/zaymy/na-mesyac|https://brobank.ru/zajmy/na-mesyac/|https://finuslugi.ru/mikrozajmy/teg_na_mesyacz|https://zaim.com/zaimy-na-mesyac/|https://zaym.me/zaimi/filter-na-mesyac|https://zaym.me/zaimi/filter-na-mesyac/anapa|https://zaym.me/zaimi/filter-na-mesyac/arxangelsk|https://zaym.me/zaimi/filter-na-mesyac/arzamas","na-mesyac|na-mesyacz"
"Срок и погашение","займы на полгода / 6 месяцев","na-polgoda","bankiros.ru|brobank.ru|zaim.com|zaym.me","https://bankiros.ru/zaymy/na-polgoda|https://brobank.ru/zajmy/na-6-mesyacev/|https://zaim.com/zaimy-na-6-mesyacev/|https://zaym.me/zaimi/filter-na-polgoda|https://zaym.me/zaimi/filter-na-polgoda-6-mesyacev|https://zaym.me/zaimi/filter-na-polgoda-6-mesyacev/anapa|https://zaym.me/zaimi/filter-na-polgoda-6-mesyacev/arxangelsk|https://zaym.me/zaimi/filter-na-polgoda-6-mesyacev/arzamas","na-6-mesyacev|na-polgoda|na-polgoda-6-mesyacev"
"Срок и погашение","займы пенсионерам до 75 лет","pensioneram-do-75-let","brobank.ru","https://brobank.ru/zajmy/pensioneram-do-75-let/","pensioneram-do-75-let"
"Срок и погашение","займы пенсионерам до 80 лет","pensioneram-do-80-let","brobank.ru","https://brobank.ru/zajmy/pensioneram-do-80-let/","pensioneram-do-80-let"
"Срок и погашение","рефинансирование займов","refinansirovanie","bankiros.ru|brobank.ru|zaim.com","https://bankiros.ru/zaymy/refinansirovanie|https://brobank.ru/zajmy/refinansirovanie/|https://zaim.com/zaimy-refinansirovanie/","refinansirovanie"
"Срок и погашение","рефинансирование под залог","refinansirovanie-pod-zalog","zaim.com","https://zaim.com/refinansirovanie-pod-zalog/","refinansirovanie-pod-zalog"
"Срок и погашение","займы с 18 лет","s-18-let","bankiros.ru|brobank.ru|finuslugi.ru|zaim.com|zaym.me","https://bankiros.ru/zaymy/s-18-let|https://brobank.ru/zajmy/s-18-let/|https://finuslugi.ru/mikrozajmy/teg_s_18_let|https://zaim.com/zaimy-s-18-let/|https://zaym.me/zaimi/filter-zaim-s-18-let|https://zaym.me/zaimi/filter-zaim-s-18-let/anapa|https://zaym.me/zaimi/filter-zaim-s-18-let/arxangelsk|https://zaym.me/zaimi/filter-zaim-s-18-let/arzamas","s-18-let|zaim-s-18-let"
"Срок и погашение","займы с 19 лет","s-19-let","bankiros.ru|brobank.ru|zaim.com","https://bankiros.ru/zaymy/s-19-let|https://brobank.ru/zajmy/s-19-let/|https://zaim.com/zaimy-s-19-let/","s-19-let"
"Срок и погашение","займы с 20 лет","s-20-let","bankiros.ru|brobank.ru|zaim.com|zaym.me","https://bankiros.ru/zaymy/s-20-let|https://brobank.ru/zajmy/s-20-let/|https://zaim.com/zaimy-s-20-let/|https://zaym.me/zaimi/filter-zaim-s-20-let|https://zaym.me/zaimi/filter-zaim-s-20-let/anapa|https://zaym.me/zaimi/filter-zaim-s-20-let/arxangelsk|https://zaym.me/zaimi/filter-zaim-s-20-let/arzamas|https://zaym.me/zaimi/filter-zaim-s-20-let/astrakhan","s-20-let|zaim-s-20-let"
"Срок и погашение","займы с 21 года","s-21-goda","bankiros.ru|brobank.ru|zaim.com|zaym.me","https://bankiros.ru/zaymy/s-21-goda|https://brobank.ru/zajmy/s-21-goda/|https://zaim.com/zaimy-s-21-goda/|https://zaym.me/zaimi/filter-zaim-s-21-goda|https://zaym.me/zaimi/filter-zaim-s-21-goda/anapa|https://zaym.me/zaimi/filter-zaim-s-21-goda/arxangelsk|https://zaym.me/zaimi/filter-zaim-s-21-goda/arzamas|https://zaym.me/zaimi/filter-zaim-s-21-goda/astrakhan","s-21-goda|zaim-s-21-goda"
"Срок и погашение","займы с ежемесячным платежом","s-ezhemesyachnym-platezhom","bankiros.ru|brobank.ru|zaim.com","https://bankiros.ru/zaymy/s-ezhemesyachnyj-platezhom|https://brobank.ru/zajmy/s-ezhemesyachnym-platezhom/|https://zaim.com/zaimy-s-ezhemesyachnim-platezhom/","s-ezhemesyachnim-platezhom|s-ezhemesyachnyj-platezhom|s-ezhemesyachnym-platezhom"
"Срок и погашение","займы с пролонгацией","s-prolongaciej","brobank.ru","https://brobank.ru/zajmy/s-prolongaciej/","s-prolongaciej"
"Срок и погашение","займы в рассрочку","v-rassrochku","bankiros.ru|brobank.ru","https://bankiros.ru/zaymy/v-rassrochku|https://brobank.ru/zajmy/v-rassrochku/","v-rassrochku"
"Сумма","займы на 100 рублей","100-rubley","bankiros.ru|brobank.ru|zaim.com","https://bankiros.ru/zaymy/100-rubley|https://brobank.ru/zajmy/na-100-rublej/|https://zaim.com/zaimy-na-100-rubley/","100-rubley|na-100-rublej|na-100-rubley"
"Сумма","займы на 1000 рублей","1000-rubley","bankiros.ru|brobank.ru|zaim.com","https://bankiros.ru/zaymy/1000-rubley|https://brobank.ru/zajmy/na-1000-rublej/|https://zaim.com/zaimy-na-1000-rubley/","1000-rubley|na-1000-rublej|na-1000-rubley"
"Сумма","займы на 10000 рублей","10000-rubley","bankiros.ru|brobank.ru|zaim.com","https://bankiros.ru/zaymy/10000-rubley|https://brobank.ru/zajmy/na-10000-rublej/|https://zaim.com/zaimy-na-10000-rubley/","10000-rubley|na-10000-rublej|na-10000-rubley"
"Сумма","займы на 100000 рублей","100000-rubley","bankiros.ru|brobank.ru|finuslugi.ru|zaim.com","https://bankiros.ru/zaymy/100000-rubley|https://brobank.ru/zajmy/na-100000-rublej/|https://finuslugi.ru/mikrozajmy/teg_100000|https://zaim.com/zaimy-na-100000-rubley/","100000|100000-rubley|na-100000-rublej|na-100000-rubley"
"Сумма","займы на 15000 рублей","15000-rubley","bankiros.ru|brobank.ru|finuslugi.ru|zaim.com","https://bankiros.ru/zaymy/15000-rubley|https://brobank.ru/zajmy/na-15000-rublej/|https://finuslugi.ru/mikrozajmy/teg_15000|https://zaim.com/zaimy-na-15000-rubley/","15000|15000-rubley|na-15000-rublej|na-15000-rubley"
"Сумма","займы на 150000 рублей","150000-rubley","bankiros.ru|brobank.ru|zaim.com","https://bankiros.ru/zaymy/150000-rubley|https://brobank.ru/zajmy/na-150000-rublej/|https://zaim.com/zaimy-na-150000-rubley/","150000-rubley|na-150000-rublej|na-150000-rubley"
"Сумма","займы на 2000 рублей","2000-rubley","bankiros.ru|brobank.ru|zaim.com","https://bankiros.ru/zaymy/2000-rubley|https://brobank.ru/zajmy/na-2000-rublej/|https://zaim.com/zaimy-na-2000-rubley/","2000-rubley|na-2000-rublej|na-2000-rubley"
"Сумма","займы на 20000 рублей","20000-rubley","bankiros.ru|brobank.ru|zaim.com","https://bankiros.ru/zaymy/20000-rubley|https://brobank.ru/zajmy/na-20000-rublej/|https://zaim.com/zaimy-na-20000-rubley/","20000-rubley|na-20000-rublej|na-20000-rubley"
"Сумма","займы на 200000 рублей","200000-rubley","bankiros.ru|brobank.ru|zaim.com","https://bankiros.ru/zaymy/200000-rubley|https://brobank.ru/zajmy/na-200000-rublej/|https://zaim.com/zaimy-na-200000-rubley/","200000-rubley|na-200000-rublej|na-200000-rubley"
"Сумма","займы на 25000 рублей","25000-rubley","bankiros.ru|zaim.com","https://bankiros.ru/zaymy/25000-rubley|https://zaim.com/zaimy-na-25000-rubley/","25000-rubley|na-25000-rubley"
"Сумма","займы на 3000 рублей","3000-rubley","bankiros.ru|brobank.ru|zaim.com","https://bankiros.ru/zaymy/3000-rubley|https://brobank.ru/zajmy/na-3000-rublej/|https://zaim.com/zaimy-na-3000-rubley/","3000-rubley|na-3000-rublej|na-3000-rubley"
"Сумма","займы на 30000 рублей","30000-rubley","bankiros.ru|brobank.ru|zaim.com","https://bankiros.ru/zaymy/30000-rubley|https://brobank.ru/zajmy/na-30000-rublej/|https://zaim.com/zaimy-na-30000-rubley/","30000-rubley|na-30000-rublej|na-30000-rubley"
"Сумма","займы на 300000 рублей","300000-rubley","bankiros.ru|brobank.ru","https://bankiros.ru/zaymy/300000-rubley|https://brobank.ru/zajmy/na-300000-rublej/","300000-rubley|na-300000-rublej"
"Сумма","займы на 4000 рублей","4000-rubley","bankiros.ru|finuslugi.ru|zaim.com","https://bankiros.ru/zaymy/4000-rubley|https://finuslugi.ru/mikrozajmy/teg_4000|https://zaim.com/zaimy-na-4000-rubley/","4000|4000-rubley|na-4000-rubley"
"Сумма","займы на 40000 рублей","40000-rubley","bankiros.ru|finuslugi.ru|zaim.com","https://bankiros.ru/zaymy/40000-rubley|https://finuslugi.ru/mikrozajmy/teg_40000|https://zaim.com/zaimy-na-40000-rubley/","40000|40000-rubley|na-40000-rubley"
"Сумма","займы на 500 рублей","500-rubley","bankiros.ru|brobank.ru|zaim.com","https://bankiros.ru/zaymy/500-rubley|https://brobank.ru/zajmy/na-500-rublej/|https://zaim.com/zaimy-na-500-rubley/","500-rubley|na-500-rublej|na-500-rubley"
"Сумма","займы на 5000 рублей","5000-rubley","bankiros.ru|brobank.ru|finuslugi.ru|zaim.com","https://bankiros.ru/zaymy/5000-rubley|https://brobank.ru/zajmy/na-5000-rublej/|https://finuslugi.ru/mikrozajmy/teg_5000|https://zaim.com/zaimy-na-5000-rubley/","5000|5000-rubley|na-5000-rublej|na-5000-rubley"
"Сумма","займы на 50000 рублей","50000-rubley","bankiros.ru|brobank.ru|zaim.com","https://bankiros.ru/zaymy/50000-rubley|https://brobank.ru/zajmy/na-50000-rublej/|https://zaim.com/zaimy-na-50000-rubley/","50000-rubley|na-50000-rublej|na-50000-rubley"
"Сумма","займы на 500000 рублей","500000-rubley","brobank.ru|finuslugi.ru|zaim.com","https://brobank.ru/zajmy/na-500000-rublej/|https://finuslugi.ru/mikrozajmy/teg_500000|https://zaim.com/zaimy-na-500000-rubley/","500000|na-500000-rublej|na-500000-rubley"
"Сумма","займы на 60000 рублей","60000-rubley","bankiros.ru|brobank.ru|zaim.com","https://bankiros.ru/zaymy/60000-rubley|https://brobank.ru/zajmy/na-60000-rublej/|https://zaim.com/zaimy-na-60000-rubley/","60000-rubley|na-60000-rublej|na-60000-rubley"
"Сумма","займы на 70000 рублей","70000-rubley","bankiros.ru|finuslugi.ru|zaim.com","https://bankiros.ru/zaymy/70000-rubley|https://finuslugi.ru/mikrozajmy/teg_70000|https://zaim.com/zaimy-na-70000-rubley/","70000|70000-rubley|na-70000-rubley"
"Сумма","большие займы","bolshie","bankiros.ru","https://bankiros.ru/zaymy/bolshie","bolshie"
"Сумма","большие займы","bolshie-zaimy","zaym.me","https://zaym.me/zaimi/filter-bolshie-zaimy|https://zaym.me/zaimi/filter-bolshie-zaimy/anapa|https://zaym.me/zaimi/filter-bolshie-zaimy/arxangelsk|https://zaym.me/zaimi/filter-bolshie-zaimy/arzamas|https://zaym.me/zaimi/filter-bolshie-zaimy/astrakhan|https://zaym.me/zaimi/filter-bolshie-zaimy/barnaul|https://zaym.me/zaimi/filter-bolshie-zaimy/belgorod|https://zaym.me/zaimi/filter-bolshie-zaimy/bryansk","bolshie-zaimy"
"Сумма","мини-займы","mini","bankiros.ru|brobank.ru|finuslugi.ru|zaim.com|zaym.me","https://bankiros.ru/zaymy/mini|https://brobank.ru/zajmy/mini/|https://finuslugi.ru/mikrozajmy/teg_mini|https://zaim.com/zaimy-mini/|https://zaym.me/zaimi/filter-mini|https://zaym.me/zaimi/filter-mini/anapa|https://zaym.me/zaimi/filter-mini/arxangelsk|https://zaym.me/zaimi/filter-mini/arzamas","mini"
"Сумма","займы на большую сумму","na-bolshuyu-summu","brobank.ru","https://brobank.ru/zajmy/na-bolshuyu-summu/","na-bolshuyu-summu"
"Заемщик","займы банкротам","bankrotam","bankiros.ru|brobank.ru|finuslugi.ru|zaim.com","https://bankiros.ru/zaymy/bankrotam|https://brobank.ru/zajmy/dlya-bankrotov/|https://finuslugi.ru/mikrozajmy/teg_bankrotam|https://zaim.com/zaimy-bankrotam/","bankrotam|dlya-bankrotov"
"Заемщик","займы безработным","bezrabotnym","bankiros.ru|brobank.ru|zaim.com","https://bankiros.ru/zaymy/bezrabotnym|https://brobank.ru/zajmy/bezrabotnym/|https://zaim.com/zaimy-bezrabotnim/","bezrabotnim|bezrabotnym"
"Заемщик","займы для бизнеса","dlya-biznesa","bankiros.ru|brobank.ru|zaim.com","https://bankiros.ru/zaymy/biznes|https://brobank.ru/zajmy/dlya-biznesa/|https://zaim.com/zaimy-dlya-biznesa/","biznes|dlya-biznesa"
"Заемщик","займы гражданам Армении","dlya-grazhdan-armenii","brobank.ru|zaim.com","https://brobank.ru/zajmy/dlya-grazhdan-armenii/|https://zaim.com/zaimy-dlya-grazhdan-armenii/","dlya-grazhdan-armenii"
"Заемщик","займы гражданам Беларуси","dlya-grazhdan-belarusi","brobank.ru|zaim.com","https://brobank.ru/zajmy/dlya-grazhdan-belorussii/|https://zaim.com/zaimy-dlya-grazdan-belarusi/","dlya-grazdan-belarusi|dlya-grazhdan-belorussii"
"Заемщик","займы гражданам Казахстана","dlya-grazhdan-kazahstana","bankiros.ru|brobank.ru|zaim.com|zaym.me","https://bankiros.ru/zaymy/dlya-grazhdan-kazahstana|https://brobank.ru/zajmy/dlya-grazhdan-kazakhstana/|https://zaim.com/zaimy-dlya-grazdan-kazahstana/|https://zaym.me/zaimi/filter-zaim-dlya-grazhdan-kazahstana|https://zaym.me/zaimi/filter-zaim-dlya-grazhdan-kazahstana/anapa|https://zaym.me/zaimi/filter-zaim-dlya-grazhdan-kazahstana/arxangelsk|https://zaym.me/zaimi/filter-zaim-dlya-grazhdan-kazahstana/arzamas|https://zaym.me/zaimi/filter-zaim-dlya-grazhdan-kazahstana/astrakhan","dlya-grazdan-kazahstana|dlya-grazhdan-kazahstana|dlya-grazhdan-kazakhstana|zaim-dlya-grazhdan-kazahstana"
"Заемщик","займы гражданам Киргизии","dlya-grazhdan-kirgizii","bankiros.ru|zaim.com","https://bankiros.ru/zaymy/dlya-grazhdan-kirgizii|https://zaim.com/zaimy-dlya-grazdan-kirgizii/","dlya-grazdan-kirgizii|dlya-grazhdan-kirgizii"
"Заемщик","займы гражданам СНГ","dlya-grazhdan-sng","bankiros.ru|brobank.ru|finuslugi.ru|zaim.com","https://bankiros.ru/zaymy/dlya-grazhdan-sng|https://brobank.ru/zajmy/dlya-grazhdan-sng/|https://finuslugi.ru/mikrozajmy/teg_dlya_grazhdan_sng|https://zaim.com/zaimy-dlya-grazhdan-sng/|https://zaim.com/zaimy-v-moskve-dlya-grazhdan-sng/","dlya-grazhdan-sng"
"Заемщик","займы гражданам Таджикистана","dlya-grazhdan-tadzhikistana","bankiros.ru|brobank.ru|zaim.com","https://bankiros.ru/zaymy/dlya-grazhdan-tadzhikistana|https://brobank.ru/zajmy/dlya-grazhdan-tadzhikistana/|https://zaim.com/zaimy-dlya-grazhdan-tadzhikistana/","dlya-grazhdan-tadzhikistana"
"Заемщик","займы гражданам Узбекистана","dlya-grazhdan-uzbekistana","bankiros.ru|brobank.ru|zaim.com|zaym.me","https://bankiros.ru/zaymy/dlya-grazhdan-uzbekistana|https://brobank.ru/zajmy/dlya-grazhdan-uzbekistana/|https://zaim.com/zaimy-dlya-grazdan-uzbekistana/|https://zaym.me/zaimi/filter-zaim-dlya-grazhdan-uzbekistana|https://zaym.me/zaimi/filter-zaim-dlya-grazhdan-uzbekistana/anapa|https://zaym.me/zaimi/filter-zaim-dlya-grazhdan-uzbekistana/arxangelsk|https://zaym.me/zaimi/filter-zaim-dlya-grazhdan-uzbekistana/arzamas|https://zaym.me/zaimi/filter-zaim-dlya-grazhdan-uzbekistana/astrakhan","dlya-grazdan-uzbekistana|dlya-grazhdan-uzbekistana|zaim-dlya-grazhdan-uzbekistana"
"Заемщик","займы для ИП","dlya-ip","bankiros.ru|brobank.ru|finuslugi.ru|zaim.com","https://bankiros.ru/zaymy/dlya-ip|https://brobank.ru/zajmy/dlya-ip/|https://finuslugi.ru/mikrozajmy/teg_mikrozajm_dlya_ip|https://zaim.com/zaimy-dlya-ip/","dlya-ip|mikrozajm-dlya-ip"
"Заемщик","займы самозанятым","dlya-samozanyatyh","brobank.ru|finuslugi.ru","https://brobank.ru/zajmy/dlya-samozaniatykh-grazhdan/|https://finuslugi.ru/mikrozajmy/teg_microzaym_dlya_samozanyatih","dlya-samozaniatykh-grazhdan|microzaym-dlya-samozanyatih"
"Заемщик","займы иностранным гражданам","inostrannym-grazdanam","bankiros.ru|zaym.me","https://bankiros.ru/zaymy/inostrannym-grazdanam|https://zaym.me/zaimi/filter-inostrannym-grazdanam|https://zaym.me/zaimi/filter-inostrannym-grazdanam/anapa|https://zaym.me/zaimi/filter-inostrannym-grazdanam/arxangelsk|https://zaym.me/zaimi/filter-inostrannym-grazdanam/arzamas|https://zaym.me/zaimi/filter-inostrannym-grazdanam/astrakhan|https://zaym.me/zaimi/filter-inostrannym-grazdanam/barnaul|https://zaym.me/zaimi/filter-inostrannym-grazdanam/belgorod","inostrannym-grazdanam"
"Заемщик","займы иностранным гражданам","inostrannym-grazhdanam","brobank.ru|zaim.com","https://brobank.ru/zajmy/dlya-inostrannyh-grazhdan/|https://zaim.com/zaimy-dlya-inostrannih-grazhdan/","dlya-inostrannih-grazhdan|dlya-inostrannyh-grazhdan"
"Заемщик","займы мужчинам","muzhchinam","brobank.ru","https://brobank.ru/zajmy/muzhchinam/","muzhchinam"
"Заемщик","займы пенсионерам","pensioneram","bankiros.ru|brobank.ru|zaim.com|zaym.me","https://bankiros.ru/zaymy/pensioneram|https://brobank.ru/zajmy/pensioneram/|https://zaim.com/zaimy-pensioneram/|https://zaym.me/zaimi/filter-zaim-pensioneram|https://zaym.me/zaimi/filter-zaim-pensioneram/anapa|https://zaym.me/zaimi/filter-zaim-pensioneram/arxangelsk|https://zaym.me/zaimi/filter-zaim-pensioneram/arzamas|https://zaym.me/zaimi/filter-zaim-pensioneram/astrakhan","pensioneram|zaim-pensioneram"
"Заемщик","займы пенсионерам на карту","pensioneram-na-kartu","finuslugi.ru","https://finuslugi.ru/mikrozajmy/teg_pensioneram_na_kartu","pensioneram-na-kartu"
"Заемщик","займы на карту с 19 лет","s-19-let-na-kartu","zaym.me","https://zaym.me/zaimi/filter-s-19-let-na-kartu|https://zaym.me/zaimi/filter-s-19-let-na-kartu/anapa|https://zaym.me/zaimi/filter-s-19-let-na-kartu/arxangelsk|https://zaym.me/zaimi/filter-s-19-let-na-kartu/arzamas|https://zaym.me/zaimi/filter-s-19-let-na-kartu/astrakhan|https://zaym.me/zaimi/filter-s-19-let-na-kartu/barnaul|https://zaym.me/zaimi/filter-s-19-let-na-kartu/belgorod|https://zaym.me/zaimi/filter-s-19-let-na-kartu/bryansk","s-19-let-na-kartu"
"Заемщик","займы студентам","studentam","bankiros.ru|brobank.ru|finuslugi.ru|zaim.com|zaym.me","https://bankiros.ru/zaymy/studentam|https://brobank.ru/zajmy/studentam/|https://finuslugi.ru/mikrozajmy/teg_studentam|https://zaim.com/zaimy-studentam/|https://zaym.me/zaimi/filter-studentam|https://zaym.me/zaimi/filter-studentam/anapa|https://zaym.me/zaimi/filter-studentam/arxangelsk|https://zaym.me/zaimi/filter-studentam/arzamas","studentam"
"Заемщик","займы женщинам","zhenshchinam","brobank.ru","https://brobank.ru/zajmy/zhenshchinam/","zhenshchinam"
"Залог","займы без залога","bez-zaloga","bankiros.ru|brobank.ru|finuslugi.ru|zaim.com|zaym.me","https://bankiros.ru/zaymy/bez-zaloga|https://brobank.ru/zajmy/bez-zaloga/|https://finuslugi.ru/mikrozajmy/teg_mikrozaem_bez_zaloga|https://zaim.com/zaimy-bez-zaloga/|https://zaym.me/zaimi/filter-zaim-bez-zaloga|https://zaym.me/zaimi/filter-zaim-bez-zaloga/anapa|https://zaym.me/zaimi/filter-zaim-bez-zaloga/arxangelsk|https://zaym.me/zaimi/filter-zaim-bez-zaloga/arzamas","bez-zaloga|mikrozaem-bez-zaloga|zaim-bez-zaloga"
"Залог","деньги в долг под залог авто","dengi-v-dolg-pod-zalog-avto","zaim.com","https://zaim.com/dengi-v-dolg-pod-zalog-avto/","dengi-v-dolg-pod-zalog-avto"
"Залог","деньги в долг под залог ПТС","dengi-v-dolg-pod-zalog-pts","brobank.ru","https://brobank.ru/zajmy/dengi-v-dolg-pod-zalog-pts/","dengi-v-dolg-pod-zalog-pts"
"Залог","займы под материнский капитал","pod-materinskij-kapital","brobank.ru","https://brobank.ru/zajmy/pod-materinskij-kapital/","pod-materinskij-kapital"
"Залог","займы под расписку","pod-raspisku","bankiros.ru|brobank.ru|finuslugi.ru|zaim.com","https://bankiros.ru/zaymy/pod-raspisku|https://brobank.ru/zajmy/pod-raspisku/|https://finuslugi.ru/mikrozajmy/teg_pod_raspisku|https://zaim.com/zaimy-pod-ruspisku/","pod-raspisku|pod-ruspisku"
"Залог","займы под залог","pod-zalog","brobank.ru|zaim.com","https://brobank.ru/zajmy/pod-zalog/|https://zaim.com/zaimy-pod-zalog/|https://zaim.com/zaimy-v-moskve-pod-zalog/","pod-zalog"
"Залог","займы под залог авто","pod-zalog-avto","bankiros.ru|brobank.ru|zaim.com|zaym.me","https://bankiros.ru/zaymy/pod-zalog-avto|https://brobank.ru/zajmy/pod-zalog-avto/|https://zaim.com/zaimy-pod-zalog-avto/|https://zaim.com/zaimy-v-moskve-pod-zalog-avto/|https://zaym.me/zaimi/filter-zaim-pod-zalog-avto|https://zaym.me/zaimi/filter-zaim-pod-zalog-avto/anapa|https://zaym.me/zaimi/filter-zaim-pod-zalog-avto/arxangelsk|https://zaym.me/zaimi/filter-zaim-pod-zalog-avto/arzamas","pod-zalog-avto|zaim-pod-zalog-avto"
"Залог","займы под залог доли","pod-zalog-doli","zaim.com","https://zaim.com/zaimy-pod-zalog-doli/","pod-zalog-doli"
"Залог","займы под залог грузового автомобиля","pod-zalog-gruzovogo-avtomobilya","bankiros.ru","https://bankiros.ru/zaymy/pod-zalog-gruzovogo-avtomobilya","pod-zalog-gruzovogo-avtomobilya"
"Залог","займы под залог квартиры","pod-zalog-kvartiry","bankiros.ru|brobank.ru|zaim.com","https://bankiros.ru/zaymy/pod-zalog-kvartiry|https://brobank.ru/zajmy/pod-zalog-kvartiry/|https://zaim.com/zaimy-pod-zalog-kvartiry/","pod-zalog-kvartiry"
"Залог","займы под залог недвижимости","pod-zalog-nedvizhimosti","bankiros.ru|brobank.ru|finuslugi.ru|zaim.com","https://bankiros.ru/zaymy/pod-zalog-nedvizhimosti|https://brobank.ru/zajmy/pod-zalog-nedvizhimosti/|https://finuslugi.ru/mikrozajmy/teg_pod_zalog_nedvizhimosti|https://zaim.com/zaimy-pod-zalog-nedvizhimosty-arhangelsk/|https://zaim.com/zaimy-pod-zalog-nedvizhimosty-barnaul/|https://zaim.com/zaimy-pod-zalog-nedvizhimosty-krasnoyarsk/|https://zaim.com/zaimy-pod-zalog-nedvizhimosty-novosibirsk/|https://zaim.com/zaimy-pod-zalog-nedvizhimosty-rostov-na-donu/","pod-zalog-nedvizhimosti|pod-zalog-nedvizhimosty|pod-zalog-nedvizhimosty-arhangelsk|pod-zalog-nedvizhimosty-barnaul|pod-zalog-nedvizhimosty-krasnoyarsk|pod-zalog-nedvizhimosty-novosibirsk|pod-zalog-nedvizhimosty-rostov-na-donu|pod-zalog-nedvizhimosty-sochi|pod-zalog-nedvizhimosty-tumen"
"Залог","займы под залог ПТС","pod-zalog-pts","bankiros.ru|brobank.ru|finuslugi.ru|zaim.com|zaym.me","https://bankiros.ru/zaymy/pod-zalog-pts|https://brobank.ru/zajmy/pod-zalog-pts/|https://finuslugi.ru/mikrozajmy/teg_pod_zalog_pts|https://zaim.com/zaimy-pod-zalog-pts-barnaul/|https://zaim.com/zaimy-pod-zalog-pts-chelyabinsk/|https://zaim.com/zaimy-pod-zalog-pts-ekaterinburg/|https://zaim.com/zaimy-pod-zalog-pts-habarovsk/|https://zaim.com/zaimy-pod-zalog-pts-irkutsk/","pod-zalog-pts|pod-zalog-pts-barnaul|pod-zalog-pts-chelyabinsk|pod-zalog-pts-ekaterinburg|pod-zalog-pts-habarovsk|pod-zalog-pts-irkutsk|pod-zalog-pts-kazan|pod-zalog-pts-kemerovo|pod-zalog-pts-krasnodar|pod-zalog-pts-krasnoyarsk|pod-zalog-pts-moskva|pod-zalog-pts-novorossiysk|pod-zalog-pts-novosibirsk|pod-zalog-pts-perm|pod-zalog-pts-rostov-na-donu|pod-zalog-pts-sankt-peterburg|pod-zalog-pts-saratov|pod-zalog-pts-sochi|pod-zalog-pts-stavropol|pod-zalog-pts-surgut|pod-zalog-pts-tver|pod-zalog-pts-volgograd|pod-zalog-pts-voronezh"
"Залог","займы под ПТС / автоломбарды","pod-zalog-pts-avtolombardy","zaym.me","https://zaym.me/zaimi/filter-pod-pts-avtolombardy|https://zaym.me/zaimi/filter-pod-pts-avtolombardy/anapa|https://zaym.me/zaimi/filter-pod-pts-avtolombardy/arxangelsk|https://zaym.me/zaimi/filter-pod-pts-avtolombardy/arzamas|https://zaym.me/zaimi/filter-pod-pts-avtolombardy/astrakhan|https://zaym.me/zaimi/filter-pod-pts-avtolombardy/barnaul|https://zaym.me/zaimi/filter-pod-pts-avtolombardy/belgorod|https://zaym.me/zaimi/filter-pod-pts-avtolombardy/bryansk","pod-pts-avtolombardy"
"Залог","займы под залог техники","pod-zalog-tehniki","zaim.com","https://zaim.com/zaimy-pod-zalog-tehniki/","pod-zalog-tehniki"
"Залог","займы под залог земли","pod-zalog-zemli","zaim.com","https://zaim.com/zaimy-pod-zalog-zemly/","pod-zalog-zemly"
"Гео","МФО в городе","geo-companies","rus.credit","https://rus.credit/mfo/cities/adygeysk|https://rus.credit/mfo/cities/astrahan|https://rus.credit/mfo/cities/barnaul|https://rus.credit/mfo/cities/belgorod|https://rus.credit/mfo/cities/bryansk|https://rus.credit/mfo/cities/chelyabinsk|https://rus.credit/mfo/cities/chita|https://rus.credit/mfo/cities/ekaterinburg","geo-companies"
"Гео","сервисы подбора в городе","geo-credit-services","rus.credit","https://rus.credit/products/creditservices/cities/adygeysk|https://rus.credit/products/creditservices/cities/astrahan|https://rus.credit/products/creditservices/cities/barnaul|https://rus.credit/products/creditservices/cities/belgorod|https://rus.credit/products/creditservices/cities/bryansk|https://rus.credit/products/creditservices/cities/chelyabinsk|https://rus.credit/products/creditservices/cities/chita|https://rus.credit/products/creditservices/cities/ekaterinburg","geo-credit-services"
"Гео","займы в городе","geo-product","zaim.com|zaym.me","https://zaim.com/zaimy-v-abakane/|https://zaim.com/zaimy-v-anadyre/|https://zaim.com/zaimy-v-arhangelske/|https://zaim.com/zaimy-v-astrahani/|https://zaim.com/zaimy-v-barnaule/|https://zaim.com/zaimy-v-belgorode/|https://zaim.com/zaimy-v-birobidzhane/|https://zaim.com/zaimy-v-blagoveshhenske/","geo-product"
"Гео","займы по всей России","po-vsej-rossii","brobank.ru","https://brobank.ru/zajmy/po-vsej-rossii/","po-vsej-rossii"
"Смешанные посадочные","займы без проверок","bez-proverok","bankiros.ru|zaim.com|zaym.me","https://bankiros.ru/zaymy/bez-proverok|https://zaim.com/zaimy-bez-proverok/|https://zaym.me/zaimi/filter-zaim-bez-proverok|https://zaym.me/zaimi/filter-zaim-bez-proverok/anapa|https://zaym.me/zaimi/filter-zaim-bez-proverok/arxangelsk|https://zaym.me/zaimi/filter-zaim-bez-proverok/arzamas|https://zaym.me/zaimi/filter-zaim-bez-proverok/astrakhan|https://zaym.me/zaimi/filter-zaim-bez-proverok/barnaul","bez-proverok|zaim-bez-proverok"
"Смешанные посадочные","займы без проверок на карту","bez-proverok-na-kartu","bankiros.ru|brobank.ru","https://bankiros.ru/zaymy/bez-proverok-na-kartu|https://brobank.ru/zajmy/bez-proverok-na-kartu/","bez-proverok-na-kartu"
"Смешанные посадочные","займы без указания работы","bez-ukazaniya-raboty","bankiros.ru|brobank.ru|zaim.com","https://bankiros.ru/zaymy/bez-ukazaniya-raboty|https://brobank.ru/zajmy/bez-ukazaniya-raboty/|https://zaim.com/zaimy-bez-ukazaniya-raboty/","bez-ukazaniya-raboty"
"Смешанные посадочные","деньги в долг на карту","dengi-v-dolg-na-kartu","bankiros.ru|brobank.ru","https://bankiros.ru/zaymy/dengi-v-dolg-na-kartu|https://brobank.ru/zajmy/dengi-v-dolg-na-kartu/","dengi-v-dolg-na-kartu"
"Смешанные посадочные","экспресс-займы на карту","express-na-kartu","zaim.com","https://zaim.com/zaimy-express-na-kartu/","express-na-kartu"
"Смешанные посадочные","новые займы без проверки","novye-zaymy-bez-proverki","zaim.com","https://zaim.com/novye-zaymy-bez-proverki/","novye-zaymy-bez-proverki"
"Смешанные посадочные","новые займы на карту","novye-zaymy-na-kartu","zaim.com","https://zaim.com/novye-zaymy-na-kartu/","novye-zaymy-na-kartu"
"Смешанные посадочные","займы на карту с 16 лет","s-16-let-na-kartu","brobank.ru","https://brobank.ru/zajmy/s-16-let-na-kartu/","s-16-let-na-kartu"
"Смешанные посадочные","займы с нулевым балансом","s-nulevym-balansom","bankiros.ru","https://bankiros.ru/zaymy/s-nulevym-balansom","s-nulevym-balansom"
"Смешанные посадочные","займы с самозапретом","s-samozapretom","brobank.ru","https://brobank.ru/zajmy/s-samozapretom/","s-samozapretom"
"Смешанные посадочные","займы на дом","zaem-na-dom","finuslugi.ru","https://finuslugi.ru/mikrozajmy/teg_zaem_na_dom","zaem-na-dom"
